geo,lat,lon,type,n
158,-12.99635,39.8153483,0,1378
158,-12.979341,39.8273157,0,1865
158,-12.9717297,39.9194082,0,362
158,-12.8715112,39.931858,0,2051
158,-13.0227648,39.55932,0,580
158,-13.0200725,39.5638243,0,147
158,-12.9816433,39.46848,0,555
158,-12.9113705,39.5177503,0,378
158,-13.0092935,39.6296608,0,8263
158,-12.9916948,39.610672,0,2647
158,-13.085095,39.8015283,0,2890
158,-13.0851887,39.8066906,0,832
158,-13.1001896,39.8642121,0,3118
158,-13.0530031,39.9665408,0,1376
158,-13.3699344,38.3775886,0,648
158,-13.4820314,38.4567554,0,435
158,-13.2578147,38.4205921,0,515
158,-13.397922,39.6485204,0,2108
158,-13.39315,39.6117771,0,969
158,-13.2668708,39.8142052,0,9180
158,-13.2542053,39.8498187,0,1789
158,-13.5287783,39.7883804,0,816
158,-13.3757875,39.9387499,0,582
158,-13.394902,39.419287,0,824
158,-13.3677295,39.5599099,0,2243
158,-13.6448907,39.8021273,0,357
158,-12.2333248,40.1544905,0,566
158,-12.2408614,40.1455887,0,2846
158,-12.2369107,40.1513938,0,2683
158,-12.2225183,40.155,0,6263
158,-12.2704109,40.1264201,0,1776
158,-12.2474702,40.1264203,0,722
158,-12.2490139,40.1714467,0,3159
158,-13.4268362,40.527445,0,350
158,-13.1975914,40.4716605,0,870
158,-12.5397449,39.6652,0,643
158,-13.0470207,40.4017307,0,3285
158,-12.9730251,40.4021467,0,1074
158,-12.9985954,40.3872617,0,484
158,-12.9672124,40.3785253,0,1303
158,-12.9748877,40.3826597,0,308
158,-13.0114154,40.384284,0,832
158,-13.019683,40.39039,0,2359
158,-13.1799541,40.4490911,0,4021
158,-13.1287401,40.4511068,0,628
158,-12.9460867,40.3311864,0,1085
158,-12.9880142,40.3411294,0,916
158,-12.9796779,40.3301767,0,231
158,-12.9299964,40.3506768,0,891
158,-12.9684037,40.31748,0,524
158,-13.148528,40.2418987,0,2133
158,-13.0598808,40.3709337,0,1407
158,-13.0725128,40.2647138,0,1767
158,-13.159037,40.2620102,0,2927
158,-11.3683031,40.3366252,0,1989
158,-13.180255,38.9172373,0,1246
158,-13.222735,38.8733,0,1975
158,-13.2628222,38.87406,0,650
158,-13.1999025,38.9686779,0,409
158,-13.1659748,38.9583832,0,1584
158,-13.2000183,38.9060117,0,1674
158,-13.2073853,38.8950469,0,3418
158,-13.0561,38.8144872,0,431
158,-12.9692979,38.8056706,0,120
158,-13.0605173,38.9597336,0,415
158,-13.1739202,38.9315278,0,209
158,-13.0993442,39.0878281,0,3506
158,-13.0783034,39.1383012,0,540
158,-13.0968151,39.1133717,0,815
158,-12.9925838,39.3369554,0,2887
158,-11.4758787,39.7448019,0,6600
158,-11.6047077,39.5450672,0,3783
158,-11.6218016,39.5250963,0,5370
158,-11.5797309,39.6758007,0,2758
158,-11.4291906,38.4918752,0,107
158,-11.3113023,39.441574,0,2093
158,-11.2456865,39.478671,0,2648
158,-11.1281531,39.4818243,0,1021
158,-11.7925981,39.6898006,0,1499
158,-11.7603073,39.7391425,0,2311
158,-11.7683762,39.7530804,0,6139
158,-13.690322,38.7544203,0,774
158,-11.3905556,39.6139281,0,9695
158,-11.4051344,39.6885536,0,2671
158,-11.3948454,39.6616486,0,5475
158,-11.4468532,39.7442532,0,4667
158,-12.6512183,40.0260678,0,350
158,-12.6365159,40.0152737,0,250
158,-12.6957633,40.0388886,0,296
158,-12.4068511,40.5110978,0,846
158,-15.4189937,39.6380493,0,4545
158,-14.1951188,39.9763674,0,35
158,-13.193235,35.2038033,0,108
158,-14.7663709,36.5530117,0,507
158,-14.7646037,36.5579031,0,244
158,-14.7652091,36.4778843,0,115
158,-12.6142333,34.857425,0,47
158,-12.5313467,34.9449367,0,62
158,-13.1847744,37.5238851,0,102
158,-12.9133497,39.474617,0,408
158,-12.9973133,39.61048,0,8272
158,-13.1048317,39.981885,0,826
158,-13.3529467,38.5756233,0,7902
158,-13.3911309,38.4356437,0,258
158,-13.5367797,38.3535414,0,64
158,-13.385667,39.7827909,0,3090
158,-13.5662752,39.8235946,0,94
158,-12.9877861,40.5283563,0,7225
158,-12.9648836,40.4924753,0,305
158,-12.9635048,40.5149351,0,6395
158,-13.0213756,40.5674089,0,7456
158,-12.9695158,40.5582401,0,6920
158,-12.9554687,40.4999079,0,3098
158,-12.9820011,40.5389744,0,3354
158,-13.0181292,40.5314674,0,4865
158,-12.9703075,40.5812675,0,2932
158,-13.0603568,40.5252334,0,2384
158,-13.0393834,40.5297157,0,3322
158,-12.9591962,40.5064312,0,5620
158,-12.9607984,40.4859222,0,5815
158,-12.329332,40.6010284,0,4888
158,-12.3460505,40.5918752,0,10274
158,-12.4060061,40.5957672,0,4739
158,-12.9948845,40.5536883,0,30830
158,-13.0206649,40.5381104,0,2754
158,-13.3024958,40.5508588,0,497
158,-13.3521801,40.5496819,0,461
158,-13.1416888,40.5522831,0,603
158,-13.0891052,40.5291771,0,231
158,-13.1351868,40.5485923,0,165
158,-12.543306,39.6418521,0,10746
158,-12.5392431,39.6289318,0,136
158,-12.4906749,40.0765867,0,181
158,-12.8874506,40.4126084,0,3040
158,-12.9739742,40.3914403,0,6557
158,-13.1097055,40.4542915,0,21701
158,-12.9485521,40.3257861,0,1626
158,-13.1043351,40.2943554,0,1367
158,-13.0370138,39.2803187,0,455
158,-11.7007556,39.4292483,0,271
158,-11.5247595,39.7215015,0,5396
158,-11.5806611,39.7240447,0,474
158,-11.5288744,39.5005445,0,1131
158,-11.6812069,39.5710438,0,4701
158,-11.8084884,39.5360488,0,6497
158,-11.7349841,39.6782759,0,920
158,-11.236983,39.4878714,0,318
158,-11.3085444,39.3069918,0,990
158,-11.404709,39.4386169,0,3280
158,-11.7294744,39.8933682,0,226
158,-11.7594583,39.8034765,0,3280
158,-11.8218766,39.8132619,0,480
158,-11.7767841,39.8972886,0,282
158,-13.3440055,38.5795634,0,244
158,-13.3441485,38.5795142,0,211
158,-13.3473474,38.5784786,0,69
158,-13.6194483,38.8175742,0,1058
158,-13.7768604,38.8325824,0,89
158,-13.5051891,38.8516144,0,529
158,-13.7404954,38.6781511,0,37
158,-13.7085238,38.6002802,0,44
158,-13.797454,38.5198368,0,94
158,-11.3880675,39.6576398,0,4506
158,-11.430452,39.7342706,0,11620
158,-11.0668567,39.6724032,0,15953
158,-25.1150491,33.6703933,0,160
158,-23.9187737,35.4337249,0,447
158,-24.3480105,35.1727502,0,28
158,-17.7925111,33.2184434,0,138
158,-17.6042579,33.2525421,0,433
158,-19.1987257,33.4751062,0,201
158,-19.0569314,33.6424338,0,533
158,-19.5423635,33.8400485,0,823
158,-17.889426,33.9271623,0,785
158,-17.7097811,33.9723313,0,340
158,-19.1117419,33.4834718,0,153
158,-18.4279742,33.838447,0,60
158,-17.7293921,33.411214,0,567
158,-17.8423857,33.4562871,0,4125
158,-20.1985802,33.1955482,0,4300
158,-19.789331,33.3507378,0,3384
158,-19.9712761,33.379625,0,4566
158,-19.9159275,33.5938243,0,7459
158,-20.0702411,33.2633018,0,3732
158,-19.992658,33.4259566,0,2202
158,-19.5199102,33.1514111,0,632
158,-19.1116954,33.4834059,0,33
158,-19.1116739,33.4834498,0,27
158,-19.1116635,33.4834443,0,20
158,-16.12922,39.906285,0,20
158,-15.9871479,39.8647559,0,16
158,-15.1104148,39.2619602,0,8310
158,-13.9198834,39.9099591,0,206
158,-13.7181105,39.8265728,0,993
158,-15.022045,40.6703583,0,102
158,-15.6035632,39.9450237,0,46
158,-14.9574001,37.4095904,0,105
158,-14.9156522,39.9845863,0,6422
158,-14.663248,38.8912896,0,391
158,-13.7949919,40.2927567,0,37
158,-14.1873461,40.5257552,0,151
158,-14.0200583,40.3469717,0,38
158,-13.9316361,40.5923717,0,262
158,-14.1867818,40.5283111,0,305
158,-14.3321454,40.491764,0,16
158,-14.323868300000001,40.6203817,0,356
158,-15.5382441,40.3911083,0,139
158,-15.7099895,39.3373491,0,11
158,-14.7195886,40.3355397,0,60
158,-15.1172576,39.2623868,0,1067
158,-14.8581767,40.7625013,0,591
158,-14.9671134,40.6597711,0,250
158,-14.9424033,40.427185,0,777
158,-14.8874804,39.6333246,0,111
158,-15.4567208,38.6815577,0,14
158,-14.5529548,40.6931418,0,187
158,-14.634335,40.7806545,0,66
158,-14.5356537,40.677627,0,51
158,-14.5463677,40.7016622,0,410
158,-14.6036128,40.6801655,0,45
158,-14.5399858,40.6913904,0,108
158,-14.6641317,40.6932424,0,18
158,-14.6519678,40.6872691,0,8
158,-14.6529334,40.6812949,0,77
158,-14.5069458,40.6945905,0,73
158,-14.6230936,40.6853096,0,20
158,-14.4708038,40.6913401,0,114
158,-14.6762169,40.675988,0,34
158,-14.5220743,40.6970931,0,139
158,-14.5786786,40.6823648,0,255
158,-14.5086767,40.7933011,0,65
158,-14.5212627,40.6893284,0,177
158,-14.5589217,40.6849187,0,86
158,-14.5476097,40.6281342,0,245
158,-15.11638,39.2609892,0,143
158,-15.0314823,39.1224052,0,1383
158,-14.9426049,38.3211566,0,92
158,-13.3399143,35.4225125,0,19
158,-13.3217107,35.250308,0,237
158,-13.3353433,35.008845,0,29
158,-13.3228681,35.2635063,0,126
158,-13.316928,35.2637736,0,546
158,-14.7957032,36.5477216,0,21
158,-14.7967791,36.5537994,0,316
158,-13.3137561,35.2682356,0,124
158,-13.8717524,37.1605583,0,18
158,-12.5648083,36.25613,0,14
158,-13.3228024,35.2639497,0,3
158,-14.3339598,36.7964519,0,28
158,-13.0866737,35.6421213,0,11
158,-13.3172093,35.24356,0,19
158,-14.1327397,38.3073799,0,383
158,-14.1327948,38.3073747,0,402
158,-12.9413917,35.4277383,0,147
158,-19.9946451,34.4331292,0,2423
158,-19.9612088,34.4128334,0,5200
158,-19.9556026,34.4008085,0,1264
158,-20.0013136,34.6581713,0,3109
158,-19.962799,34.3406429,0,1592
158,-19.7309172,34.8084243,0,1550
158,-19.8671799,34.463665,0,1255
158,-19.8642517,34.4340275,0,775
158,-19.7297144,34.8153262,0,9315
158,-19.913552,34.291815,0,856
158,-19.8661934,34.4799482,0,207
158,-19.7359357,34.8114059,0,280
158,-19.977779,34.1443281,0,1893
158,-19.984403,34.1581765,0,1380
158,-19.9640068,34.3031564,0,2869
158,-19.9473347,34.071834,0,940
158,-18.0987424,34.9671729,0,1413
158,-17.657382900000002,35.1147451,0,3368
158,-17.6247887,35.1266612,0,1055
158,-17.5713185,35.0937248,0,1266
158,-17.5901379,35.1082708,0,937
158,-19.6487615,33.8811689,0,2750
158,-19.8852625,34.0429173,0,2826
158,-19.8719851,33.8941985,0,1575
158,-19.8401872,33.9229069,0,3045
158,-19.938857,34.0328757,0,1500
158,-19.9668979,33.5473124,0,915
158,-19.643831,34.7259453,0,3999
158,-19.4072191,34.7061043,0,436
158,-19.5637733,34.6297416,0,242
158,-19.4661518,34.6041961,0,3200
158,-18.984622,34.101952,0,356
158,-18.606573,33.872324,0,1169
158,-18.491471,34.411324,0,131
158,-18.287773,34.761455,0,2202
158,-18.1794513,35.7302799,0,1734
158,-19.2515954,34.2036011,0,1081
158,-19.177752,34.2187866,0,3426
158,-19.3690262,34.4073491,0,1325
158,-19.3497519,34.3735067,0,3221
158,-16.1157874,33.5740011,0,4915
158,-17.1694396,35.1858072,0,415
158,-17.4389903,35.2470942,0,664
158,-16.927054300000002,34.8479398,0,1345
158,-15.6428628,37.6960637,0,1
158,-15.6434781,37.6793032,0,4
158,-15.6468189,37.6865719,0,10
158,-15.6527224,37.6720634,0,7
158,-15.6418325,37.698215,0,9
158,-15.4690849,36.9719065,0,31
158,-17.2862091,37.5192378,0,970
158,-17.409365,37.3483583,0,3428
158,-17.3123388,37.5071651,0,1155
158,-16.1042007,35.7688349,0,109
158,-16.8826711,36.9655826,0,112
158,-17.4909128,37.2122472,0,796
158,-17.4740696,37.1798371,0,266
158,-17.4580333,37.2018133,0,691
158,-17.4779843,37.0043703,0,739
158,-17.6530167,37.2484293,0,2733
158,-17.556629,36.6985943,0,73
158,-17.573277,36.5743108,0,337
158,-17.5151566,36.8587634,0,140
158,-12.2345898,40.1556575,1,59052
158,-10.772734700000001,40.4587941,1,81764
158,-13.3757875,39.9387499,1,38442
158,-11.6680837,39.5634519,1,24227
158,-12.5248231,40.4218731,1,16342
158,-11.7594602,39.8034767,1,17812
158,-10.7745448,40.4671584,1,17753
158,-11.5374604,39.9343825,1,23054
158,-11.5108122,40.0324661,1,24644
158,-11.3521834,40.3655726,1,20282
158,-12.0689656964279,40.4780277905079,1,16681
158,-12.5656432,40.2825389,1,12972
158,-13.7183562,39.8263352,1,19715
158,-11.3473264,40.3498508,1,18126
158,-11.3727684,38.8203571,1,12047
158,-11.2304073,40.2754678,1,9990
158,-11.820965,39.8135557,1,11018
158,-11.7797031,39.9008924,1,9634
158,-11.3638058,40.3375974,1,14767
158,-12.9743791,39.8543742,1,13880
158,-11.2370019,39.4879152,1,10660
158,-11.3506471,40.3634736,1,10486
158,-12.4392511,40.4965341,1,7625
158,-13.7951269,40.2927977,1,13757
158,-10.5946671,40.5084192,1,7286
158,-11.357151,40.3440411,1,7582
158,-11.3875169,39.5606526,1,5588
158,-11.3603321,40.3619332,1,16775
158,-12.933471,39.9102311,1,11584
158,-12.3302643,40.1736405,1,5737
158,-11.3677534,40.3346919,1,8152
158,-11.3505514,40.3550529,1,9666
158,-11.2233033,39.6382518,1,6045
158,-11.3751033,40.3429866,1,6048
158,-11.3528257,40.3453398,1,5638
158,-11.3478907,40.3398633,1,6933
158,-10.9651966,40.3552418,1,4258
158,-11.5286738,39.7216683,1,3712
158,-10.7745088,40.4672449,1,4017
158,-10.6159954,40.5593087,1,3653
158,-11.3087676,39.3068589,1,3590
158,-11.342743,40.3566043,1,3764
158,-11.0161178,40.4690261,1,2103
158,-13.0321131,39.5524431,1,2080
158,-12.4867993,39.8448075,1,2553
158,-12.5108889,40.067353,1,2954
158,-12.5429079,39.6416548,1,1992
158,-11.7295351,39.8934965,1,1304
158,-12.455455,40.0273367,1,1591
158,-11.3771222,40.3551503,1,5419
158,-11.3397449,40.3553046,1,2237
158,-10.7745224,40.4673535,1,835
158,-12.1805636,37.673908,1,1064
158,-12.5432785,39.6417726,1,1321
158,-11.7006674,39.4292882,1,1477
158,-11.3775133,40.3002358,1,2122
158,-17.5789092,35.0747095,1,1187
158,-11.6431213,39.5579306,1,941
158,-12.5446041,39.6419774,1,1510
158,-12.0057717,37.7673936,1,1344
158,-11.3237705,40.3110446,1,2187
158,-11.5803342,39.7246395,1,908
158,-11.7581358,38.05921,1,661
158,-11.8250634,39.4156226,1,881
158,-17.6937737,34.5746678,1,492
158,-11.7921964,38.0303712,1,525
158,-11.4047053,39.438619,1,231
158,-12.1887382,37.6771046,1,319
158,-20.0702606,33.2637109,1,249
158,-18.1116849,34.4527488,1,257
158,-11.8325051,37.9077589,1,55
158,-17.4240442,34.7464644,1,36
170,9.263147,11.901162,0,552
170,10.96916,13.6659,0,4320
170,10.96916,13.6659,1,4284
170,9.26549,11.899502,0,252
170,9.556226,12.253704,0,480
170,9.535633,12.175444,0,2226
170,9.536868,12.180862,0,2418
170,9.56044,12.18448,0,426
170,9.538987,12.178646,1,1308
170,9.456486,12.154671,0,348
170,9.42646,12.13402,1,774
170,9.45753,12.22877,1,2190
170,9.457918,12.229334,0,510
170,9.39895,12.3643,0,660
170,9.459728,12.177998,0,762
170,9.534999,12.161227,0,444
170,9.50061,12.10531,0,420
170,9.40498,11.93362,0,3174
170,9.40353,11.91831,1,4764
170,9.385248,11.938075,0,918
170,9.4528,12.06758,0,294
170,9.45328,12.06498,0,312
170,9.60258,12.19187,0,1830
170,9.60257,12.19183,0,1266
170,9.61466,12.19273,1,1224
170,9.30257,11.76324,0,1242
170,9.30061,11.76293,1,834
170,9.30066,11.76239,0,960
170,9.51105,12.1929,0,348
170,9.51182,12.20143,0,378
170,9.43301,12.13055,0,360
170,9.45024,12.04767,0,390
170,9.04767,12.45024,1,858
170,9.06542,12.66419,0,113
170,9.07023,12.66263,0,35
170,9.15618,12.59884,0,187
170,9.57651,12.9007,0,38
170,9.58291,12.91652,0,32
170,9.57978,12.91659,0,11
170,9.5527,12.78224,0,35
170,9.21765,12.6543,0,556
170,9.21804,12.64191,0,93
170,9.20771,12.67751,0,1068
170,9.09661,12.87983,0,101
170,9.11495,12.8832,0,31
170,9.10845,12.88559,0,105
170,9.11392,12.86973,0,51
170,9.11014,12.88028,0,43
170,9.14598,12.35287,0,594
170,9.37723,12.702819999999999,0,203
170,9.41825,12.59718,0,3175
170,9.4212,12.5971,0,603
170,9.29598,12.79633,0,538
170,9.29717,12.71503,0,39
170,9.30652,12.72032,0,59
170,8.267427,12.068349,0,76
170,8.4316,12.053114,0,61
170,8.457648,12.039876,0,70
170,8.445773,12.045286,0,73
170,8.451662,12.051298,0,77
170,8.432025,12.063586,0,30
170,8.445899,12.059015,0,45
170,8.437966,12.051706,0,47
170,8.441018,12.058316,0,56
170,8.448803,12.058655,0,53
170,8.454662,12.058466,0,50
170,8.432826,12.048829,0,33
170,8.430631,12.046884,0,53
170,8.439187,12.038598,0,50
170,8.37048,12.067046,0,42
170,9.33472,12.45766,0,76
170,9.33412,12.4721,0,121
170,9.31808,12.47898,0,575
170,9.30316,12.46516,0,345
170,9.31853,12.45172,0,538
170,9.31599,12.44461,0,339
170,9.31334,12.46029,0,675
170,9.30584,12.47189,0,720
170,9.30613,12.4846,0,519
170,9.31974,12.44136,0,1025
170,9.48596,12.30687,0,400
170,9.45632,12.35625,0,800
170,9.48598,12.30689,1,4000
170,9.33938,12.50727,0,1200
170,9.33893,12.5085,0,519
170,9.34431,12.51341,0,600
170,9.34264,12.51707,0,580
170,9.35204,12.51312,0,275
170,9.35209,12.51223,0,220
170,9.37582,12.55931,0,250
170,9.37211,12.55222,0,500
170,9.36791,12.55256,0,480
170,9.505,12.491,0,120
170,9.50503,12.49995,0,75
170,9.53353,12.49816,0,122
170,9.53271,12.50146,0,331
170,9.30444,12.48875,0,979
170,9.29134,12.48012,0,244
170,9.29147,12.49431,0,1128
170,9.30552,12.48633,0,698
170,9.29912,12.48469,0,786
170,9.1855,12.2947,0,198
170,9.50011,12.56769,0,169
170,9.48339,12.58191,0,628
170,9.49888,12.576,0,457
170,9.30329,12.47378,0,500
170,10.101537,12.34784,0,101
170,10.12613,12.33882,0,157
170,10.13113,12.39603,0,127
170,10.15331,12.40217,1,944
170,10.16977,12.73464,1,2622
170,10.12192,12.33897,1,945
170,10.12193,12.33896,1,1902
170,10.13192,12.43897,1,1177
170,10.25422,12.52978,1,1035
170,10.2544,12.52977,1,1064
170,10.09707,12.33428,1,1844
170,10.0977,12.33432,1,896
170,10.06047,12.29185,1,901
170,10.14806,12.43441,0,91
170,10.16244,12.43303,0,92
170,10.18417,12.43641,0,95
170,10.14909,12.43047,1,1134
170,10.14919,12.43049,1,1243
170,10.16024,12.4337,1,1715
170,10.14795,12.43409,1,1181
170,10.14791,12.43447,1,2418
170,10.18238,12.37378,0,136
170,10.18342,12.36991,0,113
170,10.19051,12.36714,1,1503
170,10.242,12.3438,1,5009
170,10.18212,12.37362,1,3344
170,10.21623,12.34535,1,319
170,10.40689,12.5662,0,188
170,10.40403,12.56749,0,200
170,10.40501,12.56518,0,239
170,10.40317,12.56537,0,223
170,10.4066,12.56709,1,945
170,10.4051,12.56904,1,1319
170,10.40434,12.56907,1,2953
170,10.41503,12.86357,1,1444
170,10.40858,12.56519,1,1118
170,10.18372,12.734069999999999,0,223
170,10.18095,12.23264,0,361
170,10.17235,12.72687,0,360
170,10.17949,12.72231,0,375
170,10.17688,12.72371,1,1945
170,10.175840000000001,12.73539,1,1974
170,10.18032,12.73335,1,2988
170,10.17347,12.73519,1,3930
170,10.17345,12.735519,1,3416
170,10.14542,12.74552,0,259
170,10.160138,12.75218,0,164
170,10.14236,12.73524,0,397
170,10.15432,12.74168,1,1999
170,10.15435,12.7357,1,4071
170,10.15843,12.75042,1,902
170,10.15943,12.74672,1,1305
170,10.14472,12.74648,1,1059
170,10.33281,12.6594,0,118
170,10.37321,12.57332,0,163
170,10.32393,12.67432,0,121
170,10.33799,12.65982,1,1276
170,10.37416,12.57401,1,641
170,10.37389,12.57421,1,1067
170,10.33521,12.65858,1,1937
170,10.3207,12.67878,1,2090
170,10.04559,12.668,0,162
170,10.07188,12.67514,0,116
170,10.04928,12.66888,1,1359
170,10.0456,12.669,1,1679
170,10.07143,12.67503,1,1599
170,10.07203,12.67484,1,2092
170,10.05703,12.25984,1,1640
170,10.0647,12.29184,1,1980
170,10.05449,12.19084,1,998
170,10.05528,12.26035,1,1617
170,10.05526,12.28853,1,512
170,9.792,11.9622,0,378
170,9.78393,11.98305,0,192
170,9.79211,11.9625,1,1506
170,9.78397,11.983,1,348
170,9.79112,11.96237,1,282
170,9.98903,11.95734,0,72
170,9.98907,11.95737,1,570
170,9.6469,11.8339,0,30
170,9.78477,11.91055,0,708
170,9.79304,11.92395,0,318
170,9.78479,11.91057,1,876
170,9.75559,11.91542,1,642
170,9.79306,11.92393,1,660
170,9.65221,11.83702,0,600
170,9.648116,11.8393,0,504
170,9.70578,11.88148,0,1098
170,9.64165,11.83608,1,432
170,9.64479,11.83735,1,3378
170,9.68676,11.89964,1,756
170,9.6677,11.83033,1,1608
170,9.90418,11.93248,0,36
170,9.91032,11.93274,0,42
170,9.9052,11.94063,0,48
170,9.90258,11.93104,0,150
170,9.91543,11.93949,0,48
170,9.90391,11.92647,0,48
170,9.91635,11.9566,0,60
170,9.91658,11.9468,0,42
170,9.91637,11.9565,0,36
170,10.24967,13.02682,0,150
170,10.20363,12.98729,0,48
170,10.26665,13.09585,0,43
170,10.22799,12.99708,0,45
170,10.28557,13.0748,0,171
170,10.19794,12.99007,1,3000
170,10.22797,12.99709,1,2095
170,10.24969,13.02684,1,2022
170,10.26669,13.09588,1,2052
170,10.28555,13.0746,1,2494
170,10.13829,12.98352,0,27
170,10.15253,13.00569,0,37
170,10.17825,12.88863,0,96
170,10.1525,13.00568,1,538
170,10.14822,12.90379,1,2053
170,10.174,12.88465,1,3700
170,10.1383,12.98355,1,9052
170,10.38384,12.82003,0,70
170,10.36759,12.86165,0,300
170,10.32272,12.85578,0,715
170,10.38381,12.82001,1,5054
170,10.4098,12.84763,1,3561
170,10.367590999999999,12.861765,1,5406
170,10.43253,13.00339,0,115
170,10.4133,12.97506,0,67
170,10.46841,12.98578,1,288
170,10.4136,12.97505,1,6884
170,10.41971,12.98467,1,7413
170,10.39416,13.17807,0,77
170,10.39417,13.17809,0,90
170,10.3894,13.21065,0,60
170,10.4005,13.17201,0,98
170,10.3896,13.21067,1,5605
170,10.40486,13.16489,1,5474
170,10.39414,13.17805,1,569
170,10.22663,12.912,0,180
170,10.2419,12.93193,0,200
170,10.2329,12.92972,0,190
170,10.23327,12.9206,0,235
170,10.2328,12.92977,1,7236
170,10.22661,12.914,1,2374
170,10.24191,12.93195,1,425
170,10.23325,12.9208,1,6747
170,10.187233,13.048791,0,50
170,10.128334,13.079358,0,50
170,10.14449,13.02419,0,40
170,10.14473,13.07754,1,5627
170,10.14869,13.07062,1,663
170,10.14499,13.07419,1,4981
170,10.11108,13.05622,1,201
170,10.31386,13.15927,0,82
170,10.31896,13.16871,0,65
170,10.30647,13.1735,0,80
170,10.35548,13.16414,0,45
170,10.3548,13.16416,1,332
170,10.3189,13.15873,1,182
170,10.32697,13.1737,1,7035
170,10.31322,13.15855,1,5343
170,10.24081,13.15759,0,34
170,10.27246,13.1679,0,45
170,10.31125,13.16262,0,53
170,10.22795,13.17734,1,713
170,10.27248,13.168,1,3004
170,10.24083,13.1576,1,10481
170,10.23401,12.93592,0,82
170,10.24832,12.95024,0,65
170,10.23342,12.93595,0,40
170,10.29851,12.88705,0,100
170,10.23403,12.93594,1,8650
170,10.24834,12.93024,1,2057
170,10.29853,12.88707,1,229
170,10.23753,12.952209999999999,1,3146
170,10.14703,12.92642,0,154
170,10.175599,12.920138,0,150
170,10.22755,12.92884,0,150
170,10.22425,12.92225,0,372
170,10.22428,12.92275,1,5370
170,10.14705,12.92697,1,341
170,10.22757,12.92864,1,7306
170,10.45322,13.22203,0,373
170,10.44849,13.22319,0,360
170,10.45002,13.2224,0,391
170,10.45372,13.22285,1,364
170,10.44851,13.2232,1,7047
170,10.45004,13.2226,1,10390
170,8.75148,12.15388,0,106
170,8.75301,12.15117,0,106
170,8.75239,12.14779,0,90
170,8.75489,12.15578,0,84
170,8.75447,12.1554,0,72
170,8.75411,12.1571,0,60
170,8.76006,12.56553,0,72
170,8.75965,12.56646,0,60
170,8.8074,12.62597,0,36
170,8.80746,12.62546,0,48
170,8.62754,12.43561,0,48
170,8.57151,12.37885,0,84
170,9.56546,11.87686,0,114
170,9.56542,11.87697,0,102
170,9.56805,11.88878,0,192
170,9.5426,11.9475,0,150
170,9.56807,11.8888,1,1926
170,9.54229,11.94739,1,2310
170,9.65066,11.82022,0,564
170,9.65064,11.82037,0,366
170,9.65062,11.8202,1,8214
170,9.65065,11.82038,1,5232
170,9.60546,11.7897,0,204
170,9.60631,11.79649,0,312
170,9.6114,11.89121,0,240
170,9.65012,11.82357,1,966
170,9.60629,11.79659,1,2124
170,9.50691,11.73453,0,198
170,9.51879,11.80065,0,204
170,9.51362,11.76888,1,2316
170,9.51971,11.8024,1,1542
170,9.50861,11.91061,0,90
170,9.51143,11.9326,0,540
170,9.50956,11.92556,1,756
170,9.51032,11.93188,1,1710
170,9.57265,11.76925,0,252
170,9.543,11.69021,0,120
170,9.50876,11.64496,0,72
170,9.5432,11.69024,1,6570
170,9.50662,11.64457,1,2346
170,10.8621,13.6129,0,380
170,10.86215,13.50344,0,380
170,10.8157,13.60542,0,260
170,10.8868,13.61329,0,312
170,10.8474,13.6297,0,65
170,10.8624,13.613,1,836
170,10.86015,13.50347,1,949
170,10.8154,13.60545,1,851
170,10.8744,13.6132,1,1341
170,10.8492,13.6294,1,894
170,10.706948,13.441589,0,183
170,10.69698,13.45115,0,95
170,10.74597,13.41723,0,400
170,10.78742,13.43881,0,800
170,10.78744,13.43882,1,873
170,10.70588,13.44864,1,1168
170,10.768783,13.383457,1,411
170,10.74537,13.41695,1,866
170,10.80424,13.45349,0,585
170,10.80446,13.46029,0,1252
170,10.80178,13.45858,0,924
170,10.81136,13.46391,0,1000
170,10.84419,13.48246,0,285
170,10.82614,13.45817,1,985
170,10.81083,13.45584,1,1809
170,10.81325,13.46234,1,1871
170,10.80526,13.45183,1,2817
170,10.86612,13.51719,0,90
170,10.867749,13.517143,0,25
170,10.8758,13.54101,0,50
170,10.85206,13.50207,1,1050
170,10.788169,13.359448,1,404
170,10.7821,13.35566,1,1368
170,10.7824,13.35568,1,965
170,10.78503,13.3566,1,507
170,10.78331,13.35757,1,684
170,10.89521,13.62096,0,380
170,10.89229,13.62953,0,31
170,10.88448,13.632444,0,143
170,10.8899,13.61399,0,445
170,10.88529,13.68299,1,944
170,10.88494,13.63353,1,934
170,10.8889,13.63244,1,1607
170,10.89303,13.62145,1,1910
170,10.89417,13.6225,1,1507
170,10.69721,13.51785,0,510
170,10.76136,13.49989,0,210
170,10.68649,13.54618,0,355
170,10.73628,13.48541,0,315
170,10.73892,13.48234,0,865
170,10.76135,13.49135,1,1790
170,10.70324,13.5127,1,928
170,10.78628,13.48543,1,2818
170,10.73894,13.48236,1,1848
170,10.72618,13.48205,1,1100
170,10.87475,13.55765,0,165
170,10.75935,13.56303,0,1120
170,10.87575,13.54105,0,25
170,10.75575,13.51245,0,360
170,10.7735,13.56294,0,1225
170,10.847925,13.560717,1,1627
170,10.7975,13.57245,1,2456
170,10.78036,13.5635,1,3623
170,10.7404,13.57038,1,2951
170,10.83743,13.55821,1,2727
170,10.926473,13.647573,1,664
170,10.73893,13.48235,1,718
170,10.92256,13.64636,1,1036
170,10.918954,13.646705,1,1025
170,10.927028,13.647679,1,1813
170,10.79257,13.57781,0,358
170,10.79193,13.5753,0,775
170,10.798271,13.559835,0,329
170,10.8015,13.59855,0,50
170,10.80177,13.59375,1,937
170,10.8017,13.59355,1,984
170,10.791332,13.561988,1,1030
170,10.7925,13.5778,1,1038
170,10.796308,13.594189,1,1829
170,9.66088,13.22511,0,317
170,9.65807,13.22387,0,437
170,9.655277,13.2264,0,382
170,9.65806,13.22386,1,4176
170,9.63999,13.21916,1,371
170,9.65465,13.22834,1,2044
170,10.12371,13.15357,0,344
170,10.12414,13.15158,0,325
170,10.12415,13.15156,1,1279
170,10.12372,13.15356,1,3897
170,9.65055,13.10143,0,842
170,9.652131,13.101048,0,845
170,9.64207,13.10216,1,698
170,9.65054,13.10142,1,1597
170,9.65051,13.10478,1,1861
170,9.65052,13.10479,0,875
170,10.01312,13.20889,0,210
170,10.016326,13.210149,0,208
170,9.88756,13.20515,1,9704
170,10.01372,13.20995,1,413
170,10.01332,13.20829,1,506
170,10.02117,13.20737,1,4544
170,10.017559,13.098371,0,479
170,10.03752,13.13376,0,591
170,10.01804,13.1058,0,847
170,10.03545,13.13382,1,4243
170,10.01803,13.10587,1,772
170,10.03751,13.13374,1,582
170,10.06564,13.18017,0,587
170,10.06015,13.18399,0,595
170,10.062687,13.187042,0,503
170,10.05789,13.17999,1,1530
170,10.06566,13.18019,1,5208
170,10.06013,13.18397,1,690
170,10.01313,13.20888,0,385
170,10.11561,13.21763,0,231
170,10.11091,13.21689,0,236
170,9.9912,13.21452,1,1837
170,10.06504,13.18124,1,7829
170,10.11307,13.21741,1,2091
170,9.88785,13.20109,0,1674
170,9.88754,13.20517,0,495
170,9.914541,13.233805,0,1670
170,9.89114,13.20045,1,1723
170,9.91298,13.23593,1,2897
170,9.91296,13.23591,0,2066
170,9.75364,13.24896,0,1703
170,9.75193,13.24783,1,3579
170,9.75362,13.2489,1,581
170,9.80047,13.16682,1,491
170,9.75547,13.24513,0,1842
170,9.75191,13.24733,0,2317
170,9.789649,13.107091,0,800
170,9.747643,13.252196,0,962
170,9.95491,13.22628,0,241
170,9.92446,13.23426,0,303
170,9.92212,13.23639,1,522
170,9.92448,13.23424,1,3988
170,9.92184,13.23586,1,365
170,8.9569,12.06079,1,278
170,8.95706,12.06085,0,318
170,9.08972,12.05672,0,254
170,9.05969,12.053911,0,271
170,9.05745,12.05904,1,393
170,8.96154,11.90473,0,136
170,8.76594,11.92682,0,326
170,10.56825,13.32524,0,222
170,10.56836,13.32318,0,123
170,10.557268,13.35597,0,84
170,10.5673,13.32079,1,3601
170,10.56819,13.32314,1,6406
170,10.5781,13.28366,1,7105
170,10.62452,13.415081,1,1828
170,10.59872,13.46015,0,90
170,10.66703,13.45394,1,1613
170,10.60581,13.45352,1,2031
170,10.62582,13.3905,1,1549
170,10.62402,13.48917,0,35
170,10.64671,13.45984,0,40
170,10.62404,13.48919,1,4283
170,10.6483,13.45969,1,2239
170,10.6223,13.36751,1,1743
170,10.57754,13.33586,0,290
170,10.5291,13.33771,1,2100
170,10.57901,13.34211,1,2520
170,10.57688,13.338,1,5480
170,10.56901,13.32011,1,1510
170,10.5772,13.3372,1,2230
170,10.60415,13.34336,0,78
170,10.60683,13.36989,0,158
170,10.6473,13.29744,1,2646
170,10.60707,13.26726,1,4528
170,10.60412,13.34338,1,2006
170,10.60107,13.3714,1,2541
170,10.6239,13.38323,0,120
170,10.61092,13.3873,0,250
170,10.62089,13.39221,0,500
170,10.61746,13.39301,1,2695
170,10.62391,13.38321,1,3200
170,10.62821,13.3839,1,4500
170,10.62699,13.3869,1,2510
170,10.6225,13.39078,1,2805
170,10.63806,13.38628,0,120
170,10.63057,13.39048,0,150
170,10.62383,13.39243,0,250
170,10.6355,13.39046,1,2685
170,10.63808,13.38626,1,2439
170,10.6238,13.39245,1,3640
170,10.623254,13.392462,1,3730
170,10.63883,13.38896,0,57
170,10.6447,13.39394,0,90
170,10.63198,13.451,1,2840
170,10.6175,13.39558,1,4890
170,10.64778,13.44469,1,1689
170,10.643980000000001,13.47369,1,2440
170,10.6385,13.38748,1,1720
170,10.62732,13.41692,0,11
170,10.6349,13.40461,0,67
170,10.6221,13.4029,0,153
170,10.63067,13.39964,0,46
170,10.62115,13.40272,1,3212
170,10.62808,13.39501,1,4841
170,10.63451,13.40963,1,1795
170,10.62731,13.45021,1,1459
170,10.60541,13.39573,0,60
170,10.60543,13.39575,1,2440
170,10.62775,13.38132,1,2641
170,10.6455,13.55233,1,500
170,10.6117,13.49811,1,2011
170,10.6404,13.54277,1,367
170,10.6215,13.486510000000001,1,2059
170,10.5575,13.50259,1,2114
170,10.54597,13.28178,0,95
170,10.59362,13.28015,1,2185
170,10.54049,13.28783,1,4930
170,10.5103,13.28062,1,3220
170,10.531,13.27846,1,3485
170,10.56721,13.32276,1,2600
170,10.461,13.41799,1,2190
170,10.4705,13.41948,1,1183
170,10.46903,13.39431,1,2100
170,10.47101,13.41943,1,2630
170,10.642,13.3554,0,50
170,10.4695,13.39298,1,1325
170,10.64899,13.3356,1,3172
170,10.46829,13.38489,1,1897
170,10.42013,13.39296,1,2271
170,10.55461,13.39011,0,28
170,10.54098,13.35897,1,2145
170,10.55634,13.38675,1,1885
170,10.60191,13.38287,0,38
170,10.60197,13.38291,1,2550
170,10.25627,13.27545,0,258
170,10.416835,13.305611,1,1112
170,10.433022,13.302859,1,6154
170,10.430096,13.310169,1,1930
170,10.430806,13.301407,1,742
170,10.50132,13.32351,0,595
170,10.50134,13.32353,1,4332
170,10.471265,13.283006,1,2479
170,10.28789,13.260063,0,226
170,10.3286,13.27237,0,1223
170,10.31312,13.268207,1,4183
170,10.294721,13.268863,1,1298
170,10.26688,13.27368,0,1120
170,10.2668,13.27452,0,814
170,10.269279,13.274965,1,7182
170,10.269155,13.262582,1,6474
170,10.2783,13.25547,1,956
170,10.28012,13.25476,1,3061
170,10.27701,13.27183,0,1202
170,10.272545,13.277742,0,591
170,10.275171,13.293501,1,6608
170,10.27388,13.277729,1,703
170,10.269153,13.282311,1,826
170,10.269951,13.279579,1,9982
170,10.2751,13.2751,1,1127
170,10.277576,13.265501,1,3969
170,10.43959,13.23967,0,408
170,10.414307,13.236701,1,332
170,10.4412,13.23956,1,1558
170,10.35792,13.36867,0,383
170,10.41322,13.422618,1,7111
170,10.404296,13.416618,1,1858
170,10.416087,13.429922,1,812
170,10.359531,13.362309,0,342
170,10.358587,13.375794,1,4639
170,10.357542,13.362733,1,1987
170,10.26271,13.269891,0,761
170,10.26584,13.26986,0,1738
170,10.26818,13.27017,1,6932
170,10.270386,13.272628,1,1396
170,10.32901,13.31158,0,411
170,10.346917,13.324555,1,4058
170,10.327447,13.307778,1,1037
170,10.26994,13.25274,0,1744
170,10.26445,13.26264,0,1111
170,10.26991,13.26267,1,2112
170,10.274455,13.253311,1,5802
170,10.19277,13.406257,0,43
170,10.19954,13.40141,1,3489
170,10.12945,13.36066,1,573
170,10.132,13.3604,1,3070
170,10.19271,13.4062,1,5652
170,10.13212,13.3607,0,57
170,10.13194,13.36054,1,2802
170,10.13431,13.3392,1,6559
170,10.14285,13.41233,1,869
170,10.16104,13.29991,0,65
170,10.15574,13.3008,0,105
170,10.15549,13.30251,0,100
170,10.157115,13.290928,1,1078
170,10.15251,13.00512,1,2200
170,10.173289,13.367819,1,1427
170,10.15885,13.299061,1,3750
170,10.15928,13.299138,1,2884
170,10.197661,13.3085,0,423
170,10.197649,13.30848,0,94
170,10.2627,13.2862,0,1105
170,10.2559,13.29719,0,140
170,10.1976,13.30556,1,137
170,10.127,13.36739,1,5004
170,10.19916,13.36737,1,2791
170,10.26296,13.28624,1,6395
170,10.10362,13.316652,0,47
170,10.09859,13.31881,0,51
170,10.17312,13.37011,1,1034
170,10.09857,13.31883,1,1738
170,10.10349,13.316648,1,2613
170,10.1036,13.31662,1,2254
170,10.2684,13.2409,0,280
170,10.26644,13.25266,0,78
170,10.25057,13.26182,0,377
170,10.26193,13.26277,0,1126
170,10.26862,13.25486,0,175
170,10.26611,13.24111,0,157
170,10.268787,13.253309,1,604
170,10.26886,13.4048,1,3795
170,10.20719,13.2514,1,1628
170,10.26184,13.26176,1,5118
170,10.267485,13.26874,1,4239
170,10.25651,13.26792,1,2419
170,10.21353,13.228116,0,233
170,10.21387,13.22889,0,265
170,10.20866,13.22875,1,2805
170,10.24056,13.24985,1,3937
170,10.21376,13.22877,1,574
170,10.13714,13.36795,0,289
170,10.1294,13.36167,0,89
170,10.17317,13.36789,0,354
170,10.1307,13.36116,1,1101
170,10.19401,13.3021,1,692
170,10.17304,13.3687,1,3586
170,10.12947,13.36166,1,1125
170,10.17307,13.34407,1,1413
170,10.19917,13.30763,1,1743
170,10.257562,13.28035,0,728
170,10.26269,13.26988,0,358
170,10.26667,13.24037,0,733
170,10.264825,13.23973,1,4482
170,10.25036,13.27336,1,2110
170,10.26198,13.266478,1,2905
170,10.26636,13.25247,1,2230
170,10.258932,13.270144,1,1057
170,10.16764,13.2985,0,30
170,10.131,13.36087,1,120
170,10.13067,13.35516,1,4344
170,10.16755,13.29936,1,4344
170,9.59699,12.04453,0,3815
170,9.61373,12.04637,0,1687
170,9.46336,11.68054,1,735
170,9.46703,11.67607,1,742
170,9.46426,11.67115,1,931
170,9.46354,11.68051,0,490
170,9.467,11.67595,0,378
170,9.46568,11.67768,0,658
170,9.48757,12.01475,0,1974
170,9.47556,11.98333,1,1876
170,9.45475,11.93005,1,2758
170,9.4399,11.90549,1,2072
170,9.44891,11.90296,1,2247
170,9.4592,11.91693,1,3388
170,9.47557,11.98331,0,1827
170,9.4547,11.92998,0,1127
170,9.4398,11.90548,0,1547
170,9.44868,11.90283,0,1183
170,9.45914,11.91656,0,2387
170,9.45781,12.03361,0,532
170,9.45723,12.03382,0,462
170,9.46062,12.03445,1,1218
170,9.45725,12.03384,1,1554
170,9.4578,12.03532,1,1624
170,9.45973,12.02174,0,1155
170,9.46574,12.02687,0,406
170,9.46957,12.02838,0,434
170,9.46211,12.02781,0,56
170,9.45933,12.02419,0,126
170,9.46955,12.02585,1,882
170,9.46576,12.02689,1,973
170,9.45976,12.02175,1,1435
170,9.46915,12.02173,0,651
170,9.46577,12.02846,0,448
170,9.46913,12.02844,1,1274
170,9.46575,12.0301,1,1001
170,9.4442,12.02333,0,1267
170,9.44983,12.0331,0,1344
170,9.45521,12.03767,0,1869
170,9.44728,12.02015,1,966
170,9.45523,12.03769,1,1288
170,9.44783,12.03308,1,1099
170,9.4444,12.02331,1,1022
170,10.00297,12.05694,0,90
170,9.97057,12.04819,0,60
170,9.97012,12.05089,0,300
170,9.69566,12.02863,0,600
170,9.80306,12.05632,0,330
170,9.821222,12.056195,0,1110
170,9.801222,12.056182,0,660
170,9.98849,12.08854,0,1500
170,9.98229,12.01466,0,120
170,9.68321,12.00329,0,60
170,9.68359,12.00119,0,120
170,9.6836,12.0012,1,2850
170,9.68323,12.0033,1,1980
170,9.68524,12.10029,0,120
170,9.685229,12.10089,0,210
170,9.70337,12.21351,1,2970
170,9.70339,12.21357,1,2454
170,9.88505,12.01937,0,216
170,9.89832,12.00636,0,120
170,9.90231,12.00905,0,84
170,9.89784,12.00804,0,3102
170,9.89814,12.00478,0,60
170,9.77337,12.05382,0,900
170,9.79374,12.05787,0,558
170,9.81728,12.29461,1,6030
170,9.84437,12.2885,1,7720
170,9.81441,12.31879,1,9598
170,9.6922,12.7282,0,220
170,9.67798,12.73843,0,30
170,10.02685,12.66115,0,60
170,10.02584,12.66036,0,53
170,10.03412,12.66117,0,211
170,9.8309,12.6177,0,257
170,9.82263,12.62907,0,146
170,9.81827,12.626811,0,160
170,9.831878,12.62672,0,159
170,9.82975,12.61235,0,336
170,9.82888,12.62277,0,72
170,9.835598,12.619283,0,132
170,9.80365,12.62461,0,516
170,9.77001,12.58495,1,6324
170,9.77051,12.584,1,4794
170,9.732833,12.562788,0,263
170,9.760806,12.57781,0,441
170,9.65215,12.55587,0,47
170,9.65323,12.55939,0,83
170,9.751997,12.656799,0,155
170,9.76656,12.65406,0,102
170,9.81497,12.89042,0,121
170,9.85779,12.95065,0,239
170,9.85975,12.94973,0,226
170,9.904684,13.055714,0,568
170,9.986395,12.95173,0,904
170,8.11743,12.04325,0,168
170,8.11671,12.04993,0,200
170,8.1313,12.0454,0,198
170,9.27483,12.45659,0,300
170,9.28399,12.45645,0,243
170,9.27876,12.45354,0,232
170,9.28072,12.42778,0,348
170,9.28576,12.44795,0,491
170,9.28184,12.46429,0,440
170,9.25781,12.46907,0,224
170,9.26059,12.47697,0,171
170,9.23451,12.43089,0,1644
170,9.27202,12.44429,0,1007
170,9.27105,12.41369,0,782
170,9.29787,12.40324,0,444
170,9.24591,12.42556,0,840
170,9.22931,12.4346,0,613
170,9.24776,12.44425,0,407
170,9.28539,12.46273,0,128
170,9.28598,12.46113,0,230
170,9.28044,12.45389,0,324
170,9.2701,12.4484,0,443
170,9.28026,12.44682,0,186
170,9.284,12.44112,0,244
170,9.28212,12.45891,0,101
170,9.28137,12.45315,0,271
170,9.20922,12.51337,0,181
170,9.20929,12.51336,0,585
170,9.20111,12.49594,0,400
170,9.19245,12.46966,0,1059
170,9.17216,12.48246,0,972
170,9.10958,12.32947,0,503
170,9.12249,12.34726,0,380
170,9.16658,12.46848,0,362
170,9.2052,12.45641,0,1836
170,9.21443,12.44284,0,2124
170,9.15587,12.40353,0,289
170,9.1225,12.34728,0,1578
170,9.21292,12.48311,0,749
170,9.21194,12.48434,0,256
170,9.21436,12.47721,0,874
170,9.1915,12.51585,0,502
170,9.20271,12.47723,0,191
170,9.25765,12.39429,0,852
170,9.27541,12.37631,0,1242
170,9.32712,12.32408,0,632
170,9.27388,12.39005,0,1000
170,9.27222,12.41077,0,212
170,9.28795,12.34296,0,1310
170,9.3919,12.354,1,1040
170,9.19624,12.38553,0,380
170,9.19288,12.37614,0,2888
170,9.25212,12.38243,0,494
170,9.29031,12.22853,0,349
170,9.28846,12.22958,0,335
170,9.28839,12.25115,0,641
170,10.26176,10.33511,0,160
170,10.27079,10.33358,0,40
170,10.00885,10.22617,0,40
170,9.96161,10.18587,0,52
170,10.23937,10.28271,0,82
170,10.23848,10.28286,0,45
170,10.22967,10.28704,0,52
170,9.73967,10.81343,0,73
170,10.31969,9.76674,0,432
170,10.24474,9.76468,0,192
170,10.28786,9.78527,0,98
170,10.30058,9.85388,0,102
170,10.27924,9.82978,0,625
170,10.32019,9.84832,0,208
170,10.32301,9.85048,0,230
170,10.30965,9.88767,0,468
170,10.35229,9.87431,0,776
170,10.26431,9.99381,0,168
170,10.35138,9.84863,0,278
170,10.33667,9.85747,0,147
170,10.34731,9.85406,0,202
170,10.32014,9.95464,0,1629
170,10.31799,9.85153,0,85
170,10.30449,9.8555,0,436
170,10.31226,9.85682,0,387
170,10.33177,9.86266,0,621
170,10.28863,9.84285,0,119
170,10.29764,9.84667,0,125
170,10.26902,9.85205,0,267
170,10.297180000000001,9.84402,0,89
170,10.32136,9.8471,0,561
170,10.31179,9.84867,0,317
170,10.31423,9.84583,0,191
170,10.30097,9.83628,0,452
170,10.31425,9.84064,0,367
170,10.32228,9.84418,0,434
170,10.31303,9.83437,0,365
170,10.1074,9.6602,0,1149
170,9.59155,9.51385,0,85
170,9.5636,9.51163,0,276
170,9.54167,9.4711,0,89
170,9.73354,9.46958,0,57
170,9.733714,9.741237,1,51
170,9.64291,9.71352,0,24
170,9.66181,9.60198,0,68
170,9.65669,9.59128,0,31
170,9.63389,9.64298,0,31
170,9.71684,9.57707,0,31
170,9.67241,9.57182,0,52
170,9.54421,9.75286,0,52
170,9.60163,9.79118,0,45
170,9.5557,9.63489,0,14
170,9.61973,9.53528,0,83
170,9.58517,9.65168,0,37
170,9.59884,9.6613,0,149
170,9.68126,9.57775,0,142
170,11.70661,10.86557,0,437
170,11.70417,10.86611,0,211
170,11.66084,10.90389,0,15
170,11.63125,10.90231,0,29
170,11.6782,10.71193,0,280
170,11.67655,10.70506,0,531
170,11.73979,10.79531,0,8
170,11.73925,10.79535,0,44
170,11.60816,10.68512,0,235
170,11.62457,10.71924,0,52
170,11.56843,10.83845,0,53
170,11.55778,10.837,0,378
170,11.56343,10.83745,0,258
170,11.52387,10.87547,0,54
170,11.52751,10.87394,0,16
170,11.62897,10.62746,0,147
170,11.5888,10.64943,0,38
170,11.5871,10.795,0,24
170,11.51239,10.76448,0,86
170,11.75633,10.91339,0,43
170,10.996151,10.40876,0,73
170,10.990063,10.412626,0,252
170,10.99619,10.40846,0,141
170,10.99906,10.4017,0,151
170,11.111289,10.438675,0,95
170,11.049796,10.467837,1,155
170,11.053503,10.646973,0,26
170,11.150669,10.457876,0,58
170,11.14936,10.45981,0,82
170,11.24079,10.55812,0,121
170,11.43012,10.80311,0,123
170,11.43036,10.86656,0,106
170,11.43512,10.80489,0,63
170,11.20789,10.84221,0,45
170,11.35611,10.67099,0,97
170,11.35721,10.67294,0,123
170,10.771,10.53659,0,26
170,11.38825,10.653532,1,1900
170,11.3744458,10.6423322,1,73
170,11.38744,10.65466,0,16
170,10.04688,9.59818,0,9
170,9.9883400000000009,9.51037,0,220
170,9.89918,9.55684,0,105
170,9.92461,9.54141,0,98
170,9.94832,9.56523,0,121
170,9.92415,9.55715,0,289
170,10.023,9.53975,0,386
170,10.04036,9.57191,0,41
170,10.09739,9.39614,0,8
170,9.92743,9.50367,0,137
170,9.92406,9.5123,0,102
170,9.98249,9.49355,0,10
170,12.2243,10.59756,0,15
170,12.22262,10.73982,0,36
170,12.26369,10.50476,0,17
170,11.96279,10.44917,0,110
170,12.14057,10.54089,0,284
170,12.1345,10.53199,0,226
170,12.13599,10.53841,0,211
170,12.3196,10.6948,0,352
170,12.05327,10.5054,0,79
170,12.22159,10.3878,0,33
170,12.27641,10.37402,0,4
170,12.22386,10.33428,0,70
170,11.83838,10.58512,0,295
170,11.8278,10.79183,0,180
170,12.26608,10.58946,0,46
170,11.93787,10.63598,0,203
170,11.93434,10.74364,0,27
170,11.8827,10.80862,0,216
170,10.77539,10.29156,0,99
170,10.68879,9.75723,0,39
170,10.68719,9.96699,0,37
170,10.86935,9.75329,0,63
170,10.89706,9.82509,0,97
170,10.56755,10.0886,0,125
170,10.41097,9.87332,0,65
170,10.46974,10.03195,0,136
170,11.35643,10.27134,0,122
170,11.33543,10.23414,0,45
170,11.28828,10.20568,1,111
170,11.3417,10.21468,0,60
170,11.3601,10.1687,0,81
170,11.28791,10.20717,0,38
170,11.383088,10.161981,1,221
170,11.38041,10.16429,1,136
170,11.35398,10.18237,0,19
170,11.38407,10.16042,0,143
170,11.38601,10.15897,0,115
170,11.38562,10.15959,0,36
170,11.38686,10.19632,0,136
170,11.39288,10.20734,0,190
170,11.38929,10.19606,0,198
170,11.38635,10.19914,0,20
170,11.39391,10.19251,0,216
170,11.42663,10.18566,1,767
170,11.38602,10.20806,1,207
170,11.35972,10.16856,1,314
170,11.55727,10.21343,0,33
170,11.48329,10.2725,0,80
170,11.43269,10.30396,0,43
170,11.520891,10.20492,0,24
170,11.51124,10.25488,0,77
170,11.49869,10.294561,0,35
170,11.5001,10.33615,0,20
170,11.55876,10.35519,1,449
170,11.863158,9.805979,0,166
170,11.745543,9.73147,0,328
170,11.880705,9.855278,0,130
170,11.769831,9.708081,0,125
170,11.760366,9.717171,0,105
170,11.76834,9.70392,1,125
170,11.95586,10.2126,0,74
170,11.837049,10.165767,0,140
170,11.87069,10.170045,0,89
170,11.743384,9.89411,0,134
170,11.816067,9.902502,0,79
170,11.857337,9.962972,0,270
170,11.795373,10.212254,0,182
170,11.831843,9.899886,0,247
170,11.781763,9.942355,0,284
170,11.947619,10.051964,0,86
170,11.835107,10.048618,0,173
170,11.841165,10.025024,0,86
170,11.880618,10.05705,0,57
170,11.963902,10.066763,0,106
170,11.7428,9.95574,0,159
170,11.70718,9.95797,0,254
170,11.59592,9.88635,0,19
170,11.66478,9.9313,0,190
170,11.66761,9.92232,0,52
170,11.66989,9.93057,0,106
170,11.65963,9.93243,0,38
170,11.67704,9.92982,0,275
170,11.67285,9.93169,0,272
170,11.67486,9.92249,0,452
170,11.67132,9.92736,0,61
170,11.67236,9.92132,0,262
170,11.65016,10.5203,0,263
170,11.648301,10.321434,0,97
170,11.635082,10.329245,0,62
170,11.687923,10.298818,0,45
170,11.520953,10.417247,0,271
170,11.58368,10.36025,0,256
170,11.63141,10.39735,1,585
170,11.66303,10.10947,1,371
170,11.67098,10.13384,1,972
170,11.5044,10.47788,0,110
170,11.66709,10.14894,0,10
170,11.60164,10.19312,0,710
170,11.81902,10.40372,0,178
170,11.81911,10.40417,0,355
170,11.68128,10.48609,0,101
170,11.66627,10.1902,0,109
170,11.67307,10.18313,0,364
170,11.67339,10.19152,0,198
170,11.66861,10.19548,0,92
170,11.66609,10.17591,0,178
170,11.68136,10.17406,0,159
170,11.67338,10.16927,0,295
170,11.70268,10.17127,0,76
170,11.727409,10.137953,0,43
170,11.745823,10.106475,0,177
170,11.74388,10.03971,0,102
170,11.763075,10.072323,0,142
170,11.763775,10.076403000000001,0,85
170,11.71349,10.00547,0,168
170,11.63,10.11962,1,81
170,11.696344,10.204384,0,80
170,11.673881,10.195327,0,59
170,11.693275,10.199316,0,137
170,11.692436,10.183894,0,101
170,11.539208,10.557576,0,14
170,10.34837,10.35707,0,52
170,10.35054,10.35698,1,11
170,10.37562,10.72625,0,86
170,10.32862,10.63618,0,113
170,10.50603,10.44577,0,128
170,10.55703,10.46763,0,31
170,10.55307,10.4575,0,100
170,10.52528,10.45293,1,54
170,10.55587,10.46493,0,186
170,10.58631,10.46786,0,38
170,10.41418,10.53881,0,21
170,10.55764,10.43571,0,50
170,10.40391,10.40358,0,54
170,10.40306,10.40972,1,93
170,10.45009,10.43508,0,112
170,11.33856,10.53668,0,83
170,11.40815,10.59431,0,156
170,11.43268,10.59779,0,62
170,11.46588,10.57726,0,29
170,11.46336,10.58055,0,44
170,11.4251,10.46809,0,40
170,11.42269,10.46251,0,72
170,11.41851,10.45786,0,35
170,11.44065,10.48674,0,23
170,11.31368,10.46952,0,207
170,11.31419,10.47386,0,191
170,11.31947,10.45997,0,332
170,11.3177,10.46119,0,226
170,11.32158,10.45847,1,16
170,11.31646,10.47221,1,88
170,11.46701,10.62495,0,96
170,11.46723,10.6245,0,31
170,11.46914,10.62843,0,98
170,11.46575,10.62561,1,87
170,11.46482,10.62708,1,52
170,11.44208,10.63844,1,34
170,11.36443,10.46511,0,43
170,11.36306,10.46539,0,25
170,11.42449,10.45822,0,28
170,11.42603,10.45858,0,116
170,11.45111,10.36678,0,147
170,11.21484,9.40302,0,120
170,11.21408,9.40668,0,48
170,11.21653,9.40565,0,98
170,11.2114,9.40917,0,95
170,11.21312,9.410371,1,96
170,11.12582,8.98595,0,47
170,11.12809,8.98665,0,59
170,11.01341,8.90221,0,80
170,11.01595,8.90188,0,121
170,11.13716,9.58464,0,22
170,11.11435,9.52502,0,8
170,11.12386,9.51331,0,55
170,10.88612,9.58221,0,18
170,10.91438,9.55929,0,97
170,10.89057,9.54424,0,70
170,10.93282,9.60128,0,343
170,10.94622,9.28162,0,37
170,10.96696,9.43385,0,29
170,11.22653,9.60368,0,68
170,11.23172,9.59322,0,60
170,11.23137,9.59363,0,85
170,11.233359,9.602468,1,73
170,11.085654,9.561128,1,58
170,11.07552,9.56797,0,412
170,11.07014,9.57148,0,357
170,10.86879,9.05935,0,137
170,10.87321,9.02679,0,49
170,11.06692,9.55563,0,40
170,11.03821,9.53365,0,79
170,11.06782,9.55634,0,30
170,11.06478,9.55855,0,28
170,11.535622,9.831645,0,11
170,11.562873,9.976928,0,195
170,11.564862,9.981663,1,413
170,11.348852,9.941754,0,34
170,11.480338,9.917207,0,131
170,11.427929,9.893683,0,105
170,11.384273,9.95513,0,339
170,11.426814,9.959127,0,452
170,11.379258,9.9523,1,410
170,11.428492,9.958375,1,668
170,11.56854,10.06411,0,13
170,11.506258,9.898888,0,172
170,11.40611,10.012286,0,149
170,11.406336,10.013268,0,258
170,11.456414,9.966634,0,74
170,11.462287,10.04314,1,425
170,11.36115,10.1002,0,37
170,11.44371,10.16541,0,87
170,11.64476,9.981966,0,146
170,11.601836,10.126391,1,1416
170,9.8709,9.79189,0,104
170,9.83658,9.7486,0,339
170,9.79,9.60378,0,645
170,9.80665,9.58114,0,230
170,9.95104,9.75462,0,296
170,9.87883,9.68076,0,1281
170,9.88546,9.70606,0,179
170,10.01744,9.66157,0,186
170,10.03013,9.64245,0,600
170,10.05775,9.6074,0,335
170,9.85903,9.37829,0,362
170,9.82792,9.39343,0,53
170,9.71707,9.22586,0,550
170,9.72435,9.22874,0,828
170,9.72371,9.23534,0,722
170,9.7111,9.34208,0,278
170,9.716,9.34474,0,159
170,9.71205,9.34398,0,228
170,9.68981,9.46131,0,358
170,9.6948,9.4584,0,42
170,9.53759,9.44042,0,56
170,9.498645,9.458769,0,148
170,9.83163,9.46699,0,27
170,9.76788,9.54548,0,407
170,10.21089,9.35848,0,1278
170,10.20512,9.35796,0,316
170,10.13656,9.27838,0,819
170,10.14112,9.2909,0,395
170,10.1353,9.27401,1,49
170,10.12323,9.07212,0,588
170,10.45233,8.75937,0,318
170,10.06887,9.09689,0,890
170,10.07559,9.10703,0,2409
170,10.06323,9.10082,0,370
170,10.07213,9.123955,1,27
170,10.04752,8.9971,0,1231
170,10.03979,8.99119,0,749
170,10.05012,8.9966,1,39
170,10.05452,9.07196,0,298
170,10.05873,9.06812,0,519
170,10.05406,9.05394,0,555
170,10.0543,9.0683,1,27
170,10.22581,9.0306,0,159
170,10.398,9.01444,0,793
170,11.12391,9.74298,0,24
170,11.12316,9.12316,1,206
170,11.12316,9.77823,0,189
170,11.22519,9.79337,0,35
170,11.22523,9.79328,0,23
170,11.17574,9.75998,0,116
170,11.18395,9.75965,0,73
170,11.18395,9.75965,1,71
170,11.12742,9.82695,0,22
170,11.12742,9.82695,1,19
170,11.22347,9.65437,0,25
170,11.22347,9.65437,1,25
170,11.21534,9.67521,0,68
170,11.21534,9.67521,1,67
170,11.935632,10.297347,0,169
170,11.941786,10.384431,0,122
170,11.940617,10.297146,1,166
170,12.371125,10.549621,0,80
170,12.389384,10.579954,0,116
170,12.284156,10.348518,0,67
170,12.285585,10.348904,0,71
170,12.28881,10.343941,0,75
170,12.287158,10.356885,0,59
170,12.378434,10.365925,0,66
170,12.417311,10.41261,0,80
170,12.399295,10.373828,0,84
170,12.352356,10.238903,0,88
170,12.38386,10.304057,0,81
170,12.369794,10.276512,0,90
170,12.206936,10.198118,0,116
170,12.206891,10.197715,1,58
170,12.135009,10.216832,0,123
170,12.006495,10.223449,0,85
170,12.037508,10.268395,1,28
170,12.006075,10.220721,1,125
170,12.044255,10.25241,1,23
170,12.127374,10.291975,0,163
170,12.12858,10.292702,1,220
170,12.332367,10.350062,0,74
170,12.306885,10.203789,0,126
170,10.64869,12.90748,0,372
170,10.65308,12.91042,0,396
170,10.65309,12.91041,1,10176
170,10.64859,12.90744,1,5328
170,10.6476,12.911,1,12416
170,10.64827,12.90729,1,576
170,10.65075,12.90306,1,10384
170,10.60139,13.0295,0,510
170,10.60137,13.02953,1,560
170,10.59235,13.03781,1,328
170,10.60113,13.0303,1,7672
170,10.7561,13.2153,0,180
170,10.75095,13.21548,1,736
170,10.57785,13.22345,0,354
170,10.49331,13.23526,0,378
170,10.49334,13.23528,1,7488
170,10.63214,13.19548,1,680
170,10.57784,13.22305,1,1328
170,10.57792,13.21894,1,392
170,10.7477,13.2193,0,960
170,10.7417,13.2198,0,786
170,10.68755,13.27246,1,6112
170,10.67939,13.27157,1,2648
170,10.68757,13.27248,1,7176
170,10.68239,13.27199,1,544
170,10.69363,13.26958,0,1674
170,10.67739,13.27159,0,720
170,10.72975,13.12569,0,294
170,10.7332,13.12469,0,126
170,10.7323,13.12468,1,320
170,10.73371,13.12547,1,960
170,10.72973,13.1257,1,1184
170,10.45303,13.20628,0,1440
170,10.455296,13.213241,0,1008
170,10.45964,13.22197,0,984
170,10.45397,13.20816,1,808
170,10.45292,13.20657,1,2456
170,10.45996,13.22233,1,49056
170,10.49691,13.12204,0,558
170,10.52618,13.12951,1,488
170,10.49576,13.12316,1,536
170,10.49689,13.12201,1,19752
170,10.49698,13.12129,1,440
170,10.52615,13.12949,0,306
170,10.52557,13.13041,0,552
170,10.52617,13.1295,1,7904
170,10.52656,13.13184,1,1064
170,10.52624,13.12915,1,2752
170,10.64804,12.90746,0,420
170,10.648,12.9103,1,1968
170,10.64813,12.90738,1,3288
170,10.64876,12.90706,1,624
170,10.64814,12.90757,0,420
170,11.259,14.13969,0,23910
170,11.2551,14.14798,1,20135
170,11.25804,14.15381,0,35111
170,11.52226,13.69902,0,417
170,11.53054,13.69429,1,3351
170,11.52228,13.69905,1,5159
170,11.51668,13.69808,1,1445
170,11.537482,13.689057,1,5318
170,11.512545,13.688889,0,312
170,11.49978,13.70249,0,976
170,11.52205,13.69659,0,737
170,11.53406,13.68425,1,2265
170,11.53178,13.68212,1,1565
170,11.5313,13.6817,1,2857
170,11.52648,13.68064,1,4640
170,11.512513,13.689068,1,2908
170,11.51333,13.69823,1,1801
170,11.53128,13.68168,1,1594
170,11.522428,13.68249,1,2477
170,11.52208,13.6966,1,3395
170,11.5159,13.68908,1,2963
170,11.50535,13.68579,0,109776
170,10.62269,11.73514,0,24
170,10.35058,11.61224,0,44
170,10.37071,11.66054,0,24
170,10.55268,11.62046,0,38
170,10.55214,11.61878,1,2912
170,10.32273,11.58668,0,3
170,10.25032,11.69933,0,13
170,10.22301,11.62221,0,23
170,10.44356,11.70516,0,41
170,10.38255,11.69377,0,47
170,10.66854,11.80925,0,34
170,10.68131,11.79264,0,26
170,10.91835,12.08762,0,1376
170,10.90695,12.08901,0,3054
170,10.90773,12.08875,1,2782
170,10.91837,12.08702,1,1366
170,10.78128,11.94219,0,1883
170,10.78668,11.85262,0,614
170,10.625075,12.175978,0,9891
170,10.621252,12.166884,0,1250
170,10.610128,12.12409,0,272
170,10.605253,12.108539,0,416
170,10.624297,12.144602,0,486
170,10.76693,12.02254,0,16
170,10.77918,12.01972,0,307
170,10.77371,12.21716,1,867
170,10.7782,12.231,1,1759
170,10.77636,12.22407,1,925
170,10.61394,12.192376,0,10925
170,10.618047,12.174888,0,2011
170,10.69768,12.33274,0,1308
170,10.69766,12.33273,1,3122
170,10.733093,12.14781,0,4794
170,10.72761,12.14937,0,282
170,10.612528,12.197504,0,1678
170,10.598319,12.217912,0,1182
170,10.591561,12.207921,0,439
170,10.625694,12.187153,0,1763
170,10.617293,12.197492,0,1632
170,10.87085,12.8526,0,883
170,10.870802,12.8528,1,1698
170,10.86678,12.85013,1,1324
170,10.86805,12.84832,1,1329
170,10.87313,12.8554,1,1414
170,10.618044,12.174886,0,228
170,10.86691,12.85017,0,914
170,10.86807,12.84834,0,433
170,10.84187,12.85447,0,159
170,10.87316,12.8556,0,1210
170,10.86762,12.84524,0,413
170,10.86889,12.84341,0,565
170,10.87254,12.84354,0,818
170,10.871615,12.849782,1,1294
170,10.870843,12.843437,1,1488
170,10.866782,12.845644,1,1561
170,10.90398,12.85174,1,435
170,10.91213,12.87808,0,230
170,10.90393,12.85172,0,108
170,10.86703,12.84417,0,799
170,10.87077,12.84083,0,828
170,10.83052,12.79877,1,1010
170,10.86705,12.84419,1,1798
170,10.87079,12.84081,1,1657
170,10.778,12.2308,1,410
170,10.90738,12.83177,1,604
170,10.8668,12.8396,0,927
170,10.90736,12.83056,0,405
170,10.70418,12.98398,1,950
170,10.74749,12.82418,1,661
170,10.70561,12.98184,0,390
170,10.7481,12.92295,0,442
170,10.82493,12.98664,1,1077
170,10.81755,12.9887,1,874
170,10.81961,12.99015,1,664
170,10.816531,12.995497,1,609
170,10.82747,12.9849,0,232
170,10.8672,12.70936,1,588
170,10.85608,12.7044,1,320
170,10.86718,12.70934,0,176
170,10.85606,12.7046,0,204
170,10.8807,12.92303,0,758
170,10.8779,12.92553,0,352
170,10.88723,12.90319,0,400
170,10.892563,12.918764,0,91
170,10.8809,12.92301,1,567
170,10.84738,12.97431,1,401
170,10.86206,12.96182,1,484
170,10.89066,12.9016,1,377
170,10.89253,12.91934,1,292
170,10.862761,12.961415,0,92
170,10.77409,12.87788,0,744
170,10.77664,12.87364,0,749
170,10.775547,12.873601,0,808
170,10.72804,12.88645,0,277
170,10.80709,12.87117,0,248
170,10.76833,12.7963,0,181
170,10.757724,12.815737,0,265
170,10.772768,12.873895,1,475
170,10.77662,12.817364,1,546
170,10.758713,12.819603,1,262
170,10.79547,12.7422,1,229
170,10.76835,12.79628,1,377
170,10.77689,12.87309,1,543
170,10.77407,12.87778,1,575
170,10.93149,12.76949,0,216
170,10.92005,12.77461,0,382
170,10.94705,12.77447,0,389
170,10.92003,12.77464,1,236
170,10.93151,12.76947,1,329
170,10.94703,12.77445,1,239
170,10.77694,12.94988,0,118
170,10.777218,12.916088,0,214
170,10.799626,12.916215,0,191
170,10.77661,12.9508,1,352
170,10.769868,12.93374,1,295
170,10.794977,12.921741,1,297
170,10.84914,12.7753,0,166
170,10.79584,12.82312,1,822
170,10.86783,12.76711,1,545
170,10.84912,12.77529,1,548
170,10.7491,12.7325,0,105
170,10.79586,12.72319,0,163
170,10.86733,12.76713,0,86
170,10.79463,12.72385,0,101
170,11.02772,12.70409,0,3234
170,11.04303,12.70417,0,4467
170,11.08311,12.68416,0,952
170,11.04656,12.64572,0,2394
170,11.04414,12.64592,1,4117
170,11.17723,12.78599,0,385
170,11.17229,12.78899,1,949
170,11.15117,12.75504,0,6809
170,11.16223,12.75911,0,7873
170,11.17156,12.75989,0,19518
170,11.16193,12.76393,0,1688
170,11.14439,12.75932,0,1786
170,11.17158,12.75987,1,2606
170,11.16225,12.75913,1,5799
170,11.15115,12.76504,1,6419
170,11.14434,12.74932,1,551
170,11.15192,12.76395,1,1115
170,11.16636,12.75654,0,8167
170,11.16132,12.75653,0,4086
170,11.14815,12.75235,0,2918
170,11.16781,12.76223,0,4304
170,11.15373,12.76853,0,107
170,11.14656,12.75599,0,502
170,11.16283,12.7547,0,399
170,11.16447,12.75875,0,688
170,11.15796,12.75827,0,85
170,11.17004,12.70484,0,8133
170,11.16569,12.77527,0,2440
170,11.02295,12.79515,0,6294
170,11.05478,12.8196,0,6671
170,10.9992,12.78367,0,6703
170,11.02298,12.79517,1,1723
170,11.05807,12.80824,1,1540
170,10.9996,12.78369,1,959
170,11.15866,12.74846,0,187
170,11.14588,12.76624,0,2206
170,11.13735,12.74988,0,303
170,11.12105,12.17373,0,3440
170,11.12434,12.75379,0,452
170,11.12773,12.74337,0,317
170,11.09849,12.74725,0,274
170,11.03822,12.7569,0,794
170,11.04338,12.75216,0,1006
170,11.06233,12.75224,0,405
170,11.11003,12.75085,0,195
170,11.12432,12.75649,1,401
170,11.13732,12.74986,1,455
170,11.12771,12.74335,1,315
170,11.14586,12.76026,1,2707
170,11.15864,12.78646,1,161
170,11.0985,12.74727,1,309
170,11.03812,12.75682,1,734
170,11.045618,12.75215,1,538
170,11.11006,12.76085,1,252
170,11.1458,12.76024,1,2848
170,11.06231,12.75214,1,553
170,12.035292,13.917138,0,2435
170,12.037866,13.917886,0,1586
170,12.03934,13.90714,0,5195
170,12.036795,13.917202,0,4656
170,12.039738,13.922611,0,4101
170,12.030944999999999,13.920738,0,2965
170,12.031746,13.923214,0,4458
170,12.035229,13.923286,1,1883
170,12.038718,13.909242,1,4477
170,12.036815,13.917169,1,4360
170,12.035277,13.917201,1,1963
170,12.035708,13.919669,1,2572
170,12.031734,13.923233,1,3056
170,12.043037,13.9189,1,4234
170,12.039707,13.922607,1,9668
170,12.038088,13.9209,0,3134
170,12.04486,13.90153,0,8329
170,12.043197,13.914353,0,3374
170,12.039345,13.904101,0,3149
170,12.036583,13.903243,0,6866
170,12.04379,13.91678,0,6822
170,12.029877,13.916949,0,5636
170,12.03095,13.92095,0,4393
170,12.04289,13.90183,0,11358
170,12.027395,13.921123,0,7545
170,12.03861,13.89954,0,12905
170,12.035505,13.905677,0,2616
170,12.043034,13.920241,0,4599
170,12.039693,13.924678,0,1140
170,12.02676,13.91968,0,445
170,12.49177,12.78145,0,1444
170,12.49633,12.78258,0,1606
170,12.49331,12.78305,0,1804
170,12.49228,12.78138,0,2349
170,12.49886,12.78406,0,1716
170,12.4944,12.7234,1,4015
170,12.49887,12.78405,1,2950
170,12.49553,12.78038,1,3993
170,12.4915,12.78682,1,4782
170,12.50028,12.78607,0,1457
170,12.49978,12.7798,0,1883
170,12.49439,12.72339,1,4583
170,12.49885,12.78403,1,3146
170,12.50118,12.78107,1,4550
170,11.07889,13.69987,0,14490
170,11.08483,13.69697,0,8214
170,11.08471,13.70303,0,7728
170,11.08361,13.7038,1,6390
170,11.07862,13.69736,1,14370
170,11.08567,13.6963,1,7686
170,11.08893,13.69086,0,17500
170,11.08894,13.69642,0,13980
170,11.07857,13.68674,0,8228
170,11.08794,13.69722,1,14202
170,11.07875,13.68849,1,6135
170,11.08474,13.68777,1,21738
170,11.0894,13.68793,0,1300
170,11.22536,13.78608,0,16570
170,11.23179,13.7763,0,494
170,11.07225,13.69499,0,4710
170,10.95927,13.66465,1,5520
170,11.07002,13.68992,0,5802
170,11.05942,13.68835,1,744
170,11.22913,13.78371,0,1305
170,11.22256,13.78383,0,7030
170,11.22062,13.77783,0,9437
170,11.22258,13.78555,1,4958
170,11.22336,13.78247,1,8851
170,11.22063,13.77821,1,9402
170,11.23122,13.78367,0,3666
170,11.22534,13.78606,0,5326
170,11.23177,13.77628,0,10508
170,11.22047,13.78747,0,7204
170,11.22738,13.77414,0,13654
170,11.23111,13.78741,0,1859
170,10.525174,12.251007,0,651
170,10.58752,12.05332,0,587
170,10.43137,12.0983,0,139
170,10.5269,12.28854,0,2712
170,10.52641,12.28918,1,2001
170,10.536266,12.226698,0,122
170,10.46432,12.418264,0,2614
170,10.49014,12.41747,0,2089
170,10.478075,12.432582,0,904
170,10.45599,12.41539,1,3551
170,10.48408,12.42978,1,1940
170,10.498306,12.415501,1,2622
170,10.54014,12.1291,0,600
170,10.452719,12.160704,0,1078
170,10.39269,12.25003,0,592
170,10.47888,12.2482,1,2809
170,10.40643,12.37261,0,589
170,10.486592,12.303797,1,2506
170,10.501638,12.203093,0,526
170,10.50885,12.32889,0,9111
170,10.508381,12.325795,1,8559
170,11.75301,13.10069,0,3532
170,11.78343,13.13551,0,3814
170,11.78242,13.1364,0,2693
170,11.80724,13.1754,0,6566
170,11.80187,13.17843,0,3277
170,11.79478,13.17991,0,2761
170,11.78635,13.18826,0,538
170,11.7825,13.13622,0,556
170,11.78467,13.13903,0,89
170,11.790619,13.170897,0,338
170,11.79882,13.1782,0,160
170,11.791941,13.173189,0,105
170,11.79511,13.18109,0,121
170,11.808495,13.08815,0,1524
170,11.81595,13.09623,0,1902
170,11.81242,13.08889,0,2230
170,11.81167,13.09191,0,4126
170,11.809991,13.09101,0,1245
170,11.90945,13.26365,0,1201
170,11.88492,13.26214,0,609
170,11.811606,13.088328,0,1030
170,11.86373,13.23868,0,1200
170,11.86873,13.25443,0,1690
170,11.87493,13.27582,0,1133
170,11.87127,13.23864,0,2808
170,11.86968,13.21985,0,3158
170,11.88758,13.22396,0,935
170,11.89772,13.25245,0,512
170,11.89582,13.24064,0,324
170,11.88183,13.21638,0,269
170,11.88751,13.22404,1,595
170,11.91599,13.26387,1,1295
170,11.86985,13.21978,1,3158
170,11.86441,13.23079,1,642
170,11.8844,13.26153,1,2601
170,11.86631,13.23638,0,2610
170,11.87186,13.24972,0,30611
170,11.86603,13.24041,0,201
170,11.86917,13.25319,0,513
170,11.86955,13.25373,0,701
170,11.86705,13.25275,0,1015
170,11.8674,13.25057,0,740
170,11.88171,13.28239,0,6409
170,11.87957,13.26028,0,631
170,11.86596,13.24619,0,3115
170,11.86925,13.24507,0,1145
170,11.86962,13.25497,0,202
170,11.86565,13.23252,0,2065
170,11.86607,13.25029,0,204
170,11.86605,13.24044,0,197
170,11.86513,13.24176,0,2520
170,11.88693,13.22286,0,515
170,11.86494,13.23072,0,562
170,11.86446,13.23083,0,2952
170,11.86436,13.22814,0,364
170,11.88329,13.30563,0,18580
170,11.86617,13.22997,0,117
170,11.87126,13.21662,0,601
170,11.8238,13.07945,0,1104
170,11.81402,13.08114,0,792
170,11.830911,13.081845,0,1508
170,11.81973,13.08098,0,658
170,11.83247,13.09072,0,1975
170,11.92244,13.21864,0,699
170,11.92124,13.20369,0,601
170,11.92207,13.19123,0,3365
170,11.92758,13.18298,0,374
170,11.90858,13.19946,0,657
170,11.92759,13.18299,1,349
170,11.92183,13.19133,1,3692
170,11.92121,13.2037,1,549
170,11.93675,13.18434,1,196
170,11.91911,13.19273,0,4846
170,11.9227,13.18693,0,3229
170,11.83284,13.17941,0,1030
170,11.83341,13.18753,0,1117
170,11.83193,13.19049,0,181
170,11.83417,13.19397,0,1181
170,11.83528,13.1842,0,1336
170,11.840641,13.196727,0,571
170,11.82767,13.1874,0,2102
170,11.85365,13.20161,0,352
170,11.81705,13.18937,0,362
170,11.81678,13.1902,0,1408
170,11.83334,13.18758,0,528
170,11.83363,13.18569,0,2161
170,11.81605,13.19079,0,342
170,11.81568,13.19179,0,342
170,11.82143,13.19619,0,175
170,11.82952,13.18655,0,630
170,11.83344,13.18422,0,1798
170,11.83254,13.1994,0,1530
170,11.82947,13.1867,0,1255
170,11.85541,13.21044,0,1770
170,11.84085,13.18804,0,994
170,11.85299,13.20175,0,533
170,11.84703,13.17985,0,1377
170,11.85669,13.18903,0,1231
170,11.85091,13.19294,0,1045
170,11.85664,13.19427,0,323
170,11.85258,13.18114,0,147
170,11.84418,13.18612,0,185
170,11.85804,13.19984,0,465
170,11.85872,13.19924,0,193
170,11.85866,13.21539,0,387
170,11.85765,13.21543,0,335
170,11.84957,13.19326,0,309
170,11.85074,13.19245,0,174
170,11.8542,13.18295,0,182
170,11.85218,13.18255,0,372
170,11.84788,13.18567,0,394
170,11.85995,13.20219,0,615
170,11.85653,13.1889,0,263
170,11.9225,13.22328,0,701
170,11.94859,13.22575,0,739
170,11.92639,13.24309,0,3213
170,11.93155,13.22883,0,781
170,11.94918,13.2254,1,957
170,11.94645,13.22154,0,1072
170,11.86406,13.17404,0,1815
170,11.86692,13.18604,0,1761
170,11.87291,13.17267,0,2450
170,11.86921,13.17066,0,1563
170,11.87383,13.17541,0,2817
170,11.86665,13.16689,0,2135
170,11.86304,13.17292,0,3768
170,11.86998,13.1807,0,19880
170,11.87304,13.19019,0,199
170,11.867267,13.181743,0,5954
170,11.870047,13.16566,0,867
170,11.86693,13.1655,0,1927
170,11.87779,13.17996,0,6330
170,11.87226,13.17357,0,445
170,11.88515,13.17488,0,21985
170,11.87192,13.16917,0,2334
170,11.86904,13.16368,0,2111
170,11.87725,13.17697,0,201
170,11.87509,13.18228,0,1057
170,11.87146,13.181502,0,399
170,11.87771,13.16969,0,1288
170,11.87257,13.1638,0,1899
170,11.8769,13.1644,0,179
170,11.87407,13.17336,0,158
170,11.89303,13.1535,0,1841
170,11.86176,13.16785,0,149
170,11.8722,13.18321,0,409
170,11.87844,13.16271,0,445
170,11.81264,12.5055,0,145
170,11.80597,12.49292,0,1378
170,11.80548,12.4916,0,1330
170,11.81084,12.47665,0,157
170,11.81118,12.49742,0,699
170,11.802123,12.498689,0,558
170,11.807731,12.482563,0,86
170,11.803346,12.495351,1,6314
170,11.8112,12.49745,1,1240
170,11.81143,12.49421,1,5058
170,11.81086,12.47667,1,641
170,11.80389,12.49523,1,1134
170,11.807629,12.482611,1,576
170,11.80058,12.47647,0,967
170,11.801065,12.494404,0,2075
170,11.80784,12.49888,0,5974
170,11.81635,12.49353,0,3621
170,11.812792,12.500183,0,1375
170,11.83152,12.62892,0,544
170,11.82694,12.6305,0,449
170,11.82664,12.6308,1,3255
170,11.83154,12.62894,1,3285
170,11.75949,12.25646,0,1891
170,11.75955,12.25682,0,1169
170,11.766196,12.26006,0,1527
170,11.75953,12.25684,1,9333
170,11.7573,12.25709,1,6577
170,11.766337,12.260564,1,4779
170,11.762593,12.265062,0,468
170,11.63194,12.320109,0,381
170,11.631938,12.320107,1,1071
170,12.266891,14.471803,0,6512
170,12.266492,14.467953,0,4502
170,12.269952,14.467853,0,16776
170,12.270773,14.46599,0,13159
170,11.84614,13.05096,0,3262
170,11.83843,13.07128,0,2403
170,11.82156,13.06603,0,933
170,11.84768,12.93651,0,2233
170,11.84966,13.0229,0,2011
170,11.8452,13.05678,0,541
170,11.90525,13.09242,0,581
170,11.84445,12.93653,0,3375
170,12.0369,13.06965,0,1983
170,12.02671,13.06188,0,1502
170,11.90194,13.07051,0,1238
170,11.8443,13.0337,0,1022
170,11.94275,13.07431,1,177
170,11.82478,13.04721,1,441
170,11.95535,13.00253,1,396
170,11.94891,13.009,1,189
170,11.935445,13.030227,1,216
170,11.9858,13.06213,1,219
170,11.9912,13.05993,1,153
170,12.03666,13.06948,1,272
170,12.03705,13.07403,1,317
170,12.0267,13.06189,1,247
170,11.81613,13.06732,0,212
170,11.89967,13.09151,0,224
170,11.998453,12.957879,0,292
170,12.03667,13.06993,0,2188
170,11.726758,13.298865,0,1192
170,11.78875,13.20665,0,2560
170,11.776262,13.216988,0,2183
170,11.754859,13.262016,0,4897
170,11.76352,13.24239,0,3384
170,11.77843,13.21772,1,277
170,11.75854,13.26611,1,3546
170,11.76373,13.2431,1,246
170,11.76806,13.23163,1,286
170,11.78714,13.20352,1,167
170,11.77588,13.21718,0,1903
170,11.77033,13.22645,0,2166
170,11.78066,13.21456,0,965
170,11.748,13.26339,0,702
170,11.74833,13.26013,0,844
170,11.78495,13.21019,0,474
170,11.76863,13.23375,0,2133
170,11.75856,13.26613,1,1389
170,12.02669,13.06187,0,987
170,11.84362,12.7743,0,1373
170,11.902015,13.07054,0,1264
170,11.84394,12.77565,0,1551
170,11.75855,13.2661,1,1410
170,11.76376,13.24314,1,2221
170,11.842004,12.77561,1,2516
170,11.84126,12.77304,1,1044
170,11.66011,13.39857,0,3030
170,11.65882,13.40014,0,4020
170,11.65578,13.41908,0,1985
170,11.73597,13.28389,0,230
170,11.66881,13.39255,0,13593
170,11.75857,13.26615,1,6161
170,11.76374,13.24311,1,970
170,11.75859,13.26614,1,6370
170,11.76378,13.2437,1,8139
170,11.64359,13.4196,1,1054
170,11.6543,13.41831,1,8329
170,11.75852,13.26609,1,2398
170,11.76371,13.24308,1,2222
170,11.64837,13.41519,1,6433
170,11.64758,13.41633,1,4260
170,11.65684,13.41605,1,4282
170,11.66453,13.39605,0,13383
170,11.73458,13.28333,0,5037
170,10.56637,11.95726,0,407
170,10.40158,12.01544,0,241
170,10.54474,11.91426,0,344
170,10.42042,11.92782,0,232
170,10.47027,11.77302,0,745
170,10.49534,11.84501,0,197
170,10.50714,11.83768,0,297
170,10.50466,11.83705,0,179
170,10.49794,11.83409,0,130
170,10.50244,11.83563,0,427
170,10.49876,11.8415,0,184
170,10.50774,11.84708,0,273
170,10.49291,11.83643,0,361
170,10.34373,11.92448,0,292
170,10.33964,11.92654,0,269
170,10.36408,11.96833,0,267
170,10.36089,11.97128,0,148
170,10.47104,11.91384,0,210
170,10.38202,11.85971,0,296
170,11.88424,13.34223,1,2578
170,11.65555,13.86555,0,4730
170,11.92165,13.60094,0,803
170,11.92651,13.60131,0,864
170,11.922995,13.596982,0,507
170,11.92465,13.6019,0,615
170,11.92237,13.60418,0,719
170,11.92281,13.60064,1,4731
170,11.59741,13.92357,1,1179
170,11.92118,13.60027,1,10221
170,11.92741,13.59879,1,1859
170,11.92239,13.6042,1,3920
170,11.92033,13.59153,0,33801
170,12.26026,13.10827,0,2025
170,12.11471,12.282943,0,4195
170,12.111471,12.82943,0,4260
170,12.2595,13.11166,1,987
170,12.26148,13.11147,1,923
170,12.26153,13.11146,1,870
170,12.25596,13.09907,0,3580
170,12.2542,13.09838,0,1868
170,12.25079,13.10118,0,1305
170,12.26342,13.10484,0,2231
170,12.2597,13.11167,0,4263
170,12.26105,13.11107,0,3592
170,12.2598,13.11168,1,1750
170,12.2615,13.11149,1,1887
170,12.11736,12.82823,0,1913
170,12.11548,12.82431,0,4034
170,12.11256,12.83307,0,1170
170,12.11504,12.828430000000001,0,1095
170,12.11584,12.82752,0,856
170,12.11532,12.82433,1,2278
170,12.11315,12.82666,1,2022
170,12.11506,12.82982,1,977
170,12.12092,12.82501,0,890
170,12.11887,12.83561,0,830
170,11.86448,13.11843,0,2587
170,11.88966,13.10277,0,2895
170,11.89986,13.08797,0,1736
170,11.86807,13.10605,0,778
170,11.88638,13.10826,0,2588
170,11.86502,13.10721,0,2042
170,11.85532,13.132,0,1476
170,11.852356,13.109825,0,4941
170,11.86052,13.12747,0,1702
170,11.84851,13.11132,0,1944
170,11.88463,13.09222,0,1048
170,11.85081,13.11643,0,416
170,11.8772,13.10735,0,2196
170,11.847629,13.109004,0,287
170,11.86622,13.11681,0,275
170,11.855489,13.140317,0,154
170,11.84704,13.109935,0,745
170,11.87609,13.11325,0,3061
170,11.89481,13.08895,0,169
170,11.88656,13.11039,0,231
170,11.85974,13.11743,0,168
170,11.85881,13.11918,0,233
170,11.85843,13.12143,0,335
170,11.83752,13.09972,0,71
170,11.87339,13.11308,0,196
170,11.87709,13.0972,0,763
170,11.8587,13.11917,0,291
170,11.879385,13.120029,0,11022
170,11.873646,13.12383,0,3684
170,11.870965,13.132457,0,3754
170,11.873494,13.127689,0,9255
170,11.86934,13.138925,0,5299
170,11.872919,13.13397,0,2342
170,11.871301,13.128544,0,2142
170,11.886328,13.130132,0,1634
170,11.878697,13.134726,0,3579
170,11.870228,13.135101,0,2966
170,11.876419,13.139593,0,15154
170,11.868915,13.138418,0,668
170,11.873668,13.139998,0,83
170,11.865151,13.146608,0,121
170,11.885187,13.120158,0,173
170,11.8369,13.15797,0,56
170,11.83547,13.15787,0,48
170,11.8355,13.155815,0,51
170,11.83755,13.16008,0,88
170,11.8537,13.15922,0,57
170,11.84266,13.15332,0,226
170,11.84434,13.15469,0,221
170,11.8435,13.15406,0,221
170,11.84113,13.15652,0,219
170,11.84491,13.15613,0,246
170,11.85268,13.16987,0,347
170,11.85403,13.16827,0,501
170,11.85351,13.16894,0,198
170,11.85775,13.18104,0,184
170,11.85737,13.16797,0,424
170,11.83688,13.14378,0,598
170,11.83529,13.16712,0,1084
170,11.84169,13.17135,0,1301
170,11.84159,13.17123,0,964
170,11.82674,13.17269,0,1309
170,11.82823,13.16957,0,1150
170,11.82085,13.16991,0,232
170,11.83029,13.16428,0,294
170,11.8253,13.16108,0,239
170,11.82731,13.16305,0,400
170,11.83314,13.16734,0,391
170,11.83515,13.17593,0,114
170,11.82784,13.16887,0,1151
170,11.82082,13.17727,0,959
170,11.82279,13.17605,0,997
170,11.82275,13.17587,0,915
170,11.82457,13.17519,0,953
170,11.84165,13.15251,0,326
170,11.84045,13.15171,0,181
170,11.84245,13.15038,0,352
170,11.84211,13.14973,0,328
170,11.847194,13.121034,0,4384
170,11.85651,13.14989,0,1319
170,11.84156,13.13937,0,1985
170,11.837768,13.113225,0,145
170,11.86854,13.15871,0,1480
170,11.85103,13.15745,0,430
170,11.84466,13.13659,0,2267
170,11.849397,13.140029,0,136
170,11.844172,13.117595,0,780
170,11.84896,13.14325,0,171
170,11.859778,13.156869,0,142
170,11.85911,13.154832,0,119
170,11.861814,13.157589,0,377
170,11.861418,13.15608,0,332
170,11.85038,13.16359,0,180
170,11.84617,13.16259,0,209
170,11.84871,13.16408,0,249
170,11.84087,13.16214,0,202
170,11.84572,13.16352,0,261
170,11.84414,13.16487,0,254
170,11.84341,13.16508,0,224
170,11.84392,13.14909,0,1721
170,11.85105,13.14951,0,1762
170,11.85225,13.1466,0,1388
170,11.84887,13.1506,0,1320
170,11.84996,13.14671,0,1638
170,11.84769,13.15179,0,1948
170,11.79153,13.1273,0,57
170,11.80774,13.13229,0,5371
170,11.79097,13.13214,0,2140
170,11.79419,13.14185,0,1987
170,11.80658,13.16301,0,1794
170,11.8018,13.1187,0,5181
170,11.82514,13.11858,0,7317
170,11.79864,13.13423,0,5437
170,11.83227,13.09082,0,2248
170,11.82657,13.11143,0,6210
170,11.79704,13.12343,0,2350
170,11.81755,13.1162,0,6619
170,11.80833,13.13658,0,4155
170,11.79343,13.10725,0,3658
170,11.78518,13.1248,0,1093
170,11.76665,13.11095,0,817
170,11.8003,13.13363,0,150
170,11.79,13.13433,0,133
170,11.78821,13.13046,0,1532
170,11.79932,13.13605,0,677
170,11.79117,13.13416,0,211
170,11.79723,13.11242,0,411
170,11.80198,13.11588,0,701
170,11.80155,13.11315,0,235
170,11.79455,13.13392,0,138
170,11.78785,13.1313,0,510
170,11.80055,13.12229,0,777
170,11.79557,13.12233,0,342
170,11.80332,13.1189,0,825
170,11.79791,13.12197,0,457
170,11.79873,13.11313,0,600
170,11.80175,13.12033,0,262
170,11.79777,13.13867,0,178
170,11.79785,13.1358,0,112
170,11.79872,13.11963,0,280
170,11.85155,13.15701,0,169
170,11.85117,13.15719,0,220
170,11.85319,13.15925,0,294
170,11.85582,13.1582,0,221
170,11.85596,13.16123,0,198
170,11.85598,13.16136,0,196
170,11.84515,13.15681,0,448
170,11.84503,13.15788,0,415
170,11.84375,13.15944,0,545
170,11.84573,13.16028,0,445
170,13.109664,12.505686,0,3192
170,13.10582,12.507046,0,3257
170,13.106793,12.512799,0,5387
170,13.11439,12.50328,0,537
170,13.11483,12.50346,1,106
170,13.10648,12.50633,1,25835
170,13.10502,12.51377,1,8457
170,13.1104,12.50907,1,20479
170,13.112261,12.517816,0,69794
170,13.099033,12.506668,0,2139
170,13.103736,12.513439,0,2456
170,13.095111,12.511608,0,2009
170,13.08006,12.52159,0,246
170,13.097144,12.519182,0,275
170,13.09589,12.51966,1,470
170,13.0991,12.5068,1,9080
170,13.10188,12.511,1,7628
170,13.10183,12.50914,1,5443
170,13.08004,12.52161,1,304
170,12.67354,13.61743,0,3085
170,12.66666,13.60677,0,4338
170,12.67293,13.60385,0,5544
170,12.66691,13.61369,0,2802
170,12.66454,13.62051,0,3238
170,12.67002,13.61311,0,2584
170,12.67585,13.62428,0,7576
170,12.66782,13.59978,0,4065
170,12.66669,13.61669,0,2771
170,12.6664,13.60936,0,2830
170,12.673400000000001,13.60743,0,3773
170,12.67408,13.6148,0,2074
170,12.61148,13.66834,0,1901
170,12.66785,13.5998,1,4508
170,12.66668,13.61671,1,6379
170,12.66639,13.60938,1,3176
170,12.6736,13.60746,1,2831
170,12.67441,13.60493,1,4922
170,12.67579,13.6209,1,2845
170,12.67411,13.6151,1,2330
170,12.61145,13.66835,1,3309
170,12.66617,13.61985,1,3903
170,12.6729,13.62045,1,4407
170,12.66085,13.61463,1,6557
170,12.67357,13.61231,1,3431
170,12.66722,13.60047,1,2479
170,12.67954,13.62306,0,20983
170,12.68552,13.62026,0,5361
170,12.66375,13.61947,0,10014
170,12.67141,13.62468,0,4056
170,12.67214,13.61943,0,1035
170,12.68426,13.61469,0,31102
170,12.67309,13.60536,0,4480
170,12.66615,13.62409,0,4032
170,12.68006,13.61071,0,16681
170,12.67,13.60701,0,4729
170,12.67535,13.60172,0,9808
170,12.66566,13.6268,0,3246
170,12.37509,14.21556,0,2469
170,12.37355,14.21753,0,2643
170,12.37357,14.21755,1,6826
170,12.37511,14.2155,1,9720
170,12.3749,14.20691,0,2681
170,12.37949,14.204040000000001,0,2908
170,12.37399,14.20028,0,1862
170,12.37488,14.2071,1,11362
170,12.37147,14.19866,1,16046
170,12.38086,14.20381,1,13427
170,12.34336,14.1882,0,1507
170,12.34,14.18698,0,1733
170,12.33983,14.18625,1,13734
170,12.34223,14.1883,1,3501
170,12.35903,14.1704,0,39751
170,12.34706,14.34706,0,33250
170,12.35231,14.17489,0,5240
170,12.34825,14.18891,0,4229
170,12.3663,14.20805,0,3466
170,12.37221,14.21832,0,4239
170,12.36534,14.21466,0,3743
170,12.36822,14.21085,1,6762
170,12.37224,14.21836,1,15526
170,12.36532,14.21452,1,12212
170,12.39405,14.19257,0,1766
170,12.39324,14.19078,1,2516
170,10.08975,11.96592,0,157
170,10.08767,11.95846,0,135
170,10.0904,11.98521,0,104
170,10.08773,11.95863,0,102
170,10.08654,11.95693,0,112
170,10.08752,11.9574,0,92
170,10.33294,12.17821,0,168
170,10.32892,12.17843,0,397
170,10.22087,11.82167,0,104
170,10.05986,11.94209,0,115
170,10.0496,11.9229,0,109
170,10.04698,11.91499,0,181
170,10.13379,12.06259,0,157
170,10.27526,12.14238,0,148
170,10.06103,11.82708,0,42
170,10.10237,12.02952,0,156
170,10.18447,11.96274,0,201
170,10.21643,12.06017,0,112
170,10.227399,12.052203,0,357
170,10.21692,12.06683,0,216
170,10.24124,11.97156,0,87
170,10.30289,10.92921,0,551
170,10.29033,10.96798,0,129
170,10.30365,10.92971,1,52
170,10.25965,11.15779,0,909
170,10.24996,11.1534,0,358
170,10.29815,11.10788,0,294
170,10.26457,11.21168,0,221
170,10.25722,11.1624,0,1160
170,10.27059,11.15303,0,337
170,10.18446,11.11305,0,359
170,10.27008,11.21346,0,344
170,10.26391,11.18427,0,665
170,10.25192,11.17034,0,505
170,10.26075,11.17749,0,351
170,10.24424,11.18489,0,343
170,10.31727,11.17822,0,1094
170,10.25204,11.17698,1,15
170,10.30336,11.16822,1,62
170,11.18439,10.11315,1,44
170,10.25592,11.20901,0,367
170,9.90778,11.01187,0,224
170,9.90334,11.00803,0,2327
170,10.04299,11.21444,0,418
170,10.04446,11.22054,0,156
170,10.05527,11.21102,0,96
170,10.05438,11.20871,0,60
170,10.04997,11.20107,0,349
170,10.049010000000001,11.19761,1,36
170,9.98768,10.95183,0,310
170,10.98427,10.94979,1,42
170,10.00771,11.00743,0,593
170,10.01579,11.00631,1,36
170,9.69639,11.53104,0,158
170,9.69143,11.53238,0,91
170,9.70554,11.5429,0,91
170,9.69741,11.52401,0,77
170,9.68969,11.53816,0,133
170,9.95768,11.74742,0,18
170,9.98271,11.76491,0,141
170,9.98271,11.76491,1,38
170,9.5724,11.4438,1,16
170,9.63177,11.48688,0,36
170,9.61608,11.44899,0,31
170,10.02847,11.58092,0,169
170,10.02847,11.58092,1,19
170,10.02299,11.5503,0,163
170,9.99153,11.56695,0,58
170,10.01543,11.56231,0,41
170,9.98026,11.668822,0,76
170,9.99376,11.56172,1,11
170,9.94636,11.60108,1,18
170,10.01951,11.55925,1,14
170,10.0199,11.55039,1,27
170,9.70778,11.72208,0,1559
170,9.7872,11.6384,0,116
170,9.81882,11.71868,0,165
170,9.67993,11.60808,0,40
170,9.73446,11.77764,0,1500
170,9.78024,11.75583,0,1605
170,9.78024,11.75583,1,1604
170,9.73966,11.78201,1,1500
170,10.05147,11.60248,0,213
170,9.996762,11.586408,0,28
170,10.0555,11.60017,1,14
170,10.04982,11.60267,1,48
170,9.97443,11.67297,0,101
170,9.96974,11.68718,0,97
170,9.97554,11.67772,0,182
170,9.5826,11.4056,1,49
170,9.5812,11.4125,1,26
170,9.5819,11.4055,1,101
170,9.86651,11.15607,0,56
170,9.88512,11.22514,0,220
170,9.88609,11.22617,1,46
170,9.93121,11.22812,0,86
170,9.94532,11.21163,0,126
170,9.90609,11.23349,1,19
170,9.89813,11.20513,0,98
170,9.88521,11.21162,0,118
170,9.89048,11.21465,1,9
170,9.88632,11.20892,1,23
170,9.82313,11.17012,0,31
170,9.82373,11.17421,1,10
170,9.85745,11.09947,0,53
170,9.73342,11.09862,0,24
170,10.82101,10.60528,0,70
170,10.82101,10.60528,1,75
170,10.89262,10.65018,0,174
170,10.89514,10.64991,0,65
170,11.01964,10.94899,0,70
170,11.05354,11.07914,0,117
170,11.04834,10.93488,0,45
170,10.95717,10.85972,0,65
170,10.75088,10.59712,0,85
170,10.75088,10.59712,1,63
170,10.69358,10.50478,1,49
170,10.97326,10.68168,1,54
170,11.01033,10.74778,0,85
170,11.00689,10.7469,0,40
170,11.07082,10.72914,0,42
170,10.82875,10.77218,0,77
170,10.82167,10.76603,0,27
170,10.82167,10.76603,1,34
170,10.81756,10.77284,0,104
170,10.87736,10.70896,0,48
170,10.98058,10.77567,0,32
170,10.55484,10.77446,0,76
170,11.05124,10.84348,0,40
170,11.08112,10.86177,0,101
170,10.88672,11.51468,0,903
170,10.83572,11.51085,0,1136
170,10.87235,11.52031,1,39
170,10.88083,11.505831,1,64
170,10.913276,11.475991,1,58
170,10.94856,11.46473,0,338
170,10.85037,11.43213,0,714
170,10.8484,11.43265,0,509
170,10.79569,11.32987,1,48
170,10.84997,11.4425,0,621
170,10.85144,11.45651,0,830
170,10.855368,11.433598,1,28
170,10.69382,11.48375,0,256
170,10.55593,11.32575,0,363
170,10.64903,11.329,0,456
170,10.70872,11.36128,0,174
170,10.80058,11.36558,0,332
170,10.292718,11.172638,0,68
170,10.298674,11.147841,0,28
170,10.29425,11.17448,0,360
170,10.300867,11.158332,0,139
170,10.27629,11.183124,0,203
170,10.278213,11.165058,0,870
170,10.275848,11.191261,0,161
170,10.84472,11.44814,1,51
170,10.28292,11.17123,0,83
170,10.286511,11.171807,0,69
170,10.286898,11.17802,0,44
170,10.279572,11.176718,0,75
170,10.286571,11.172403,0,63
170,10.291422,11.170839,0,24
170,10.1715,11.1012,1,585
170,10.29173,11.15994,0,47
170,10.29626,11.1599,0,105
170,10.29295,11.16095,0,241
170,10.284467,11.152126,0,93
170,10.29535,11.156153,0,187
170,10.286677,11.166712,0,194
170,10.277898,11.20123,0,227
170,10.282412,11.206652,0,358
170,10.278743,11.19042,0,28
170,10.272878,11.168678,0,233
170,10.269213,11.176863,0,639
170,10.279091,11.163531,0,372
170,10.269955,11.170577,0,437
170,10.283121,11.184478,0,1644
170,10.273452,11.159933,0,2580
170,9.93927,11.44918,0,974
170,9.93571,11.4437,0,519
170,9.87077,11.4024,0,151
170,9.97481,11.42546,0,623
170,9.97622,11.42724,0,1263
170,9.97049,11.47917,1,332
170,9.93756,11.44598,1,218
170,9.91621,11.46856,0,420
170,9.81859,11.31194,0,240
170,9.82314,11.29874,0,320
170,9.82993,11.30365,0,84
170,9.82154,11.30542,0,181
170,9.9462,11.33764,0,151
170,9.94313,11.3298,0,336
170,9.94015,11.32423,1,239
170,9.94047,11.55031,0,391
170,9.98869,11.54813,0,369
170,9.95769,11.55323,0,312
170,9.98869,11.54815,1,113
170,9.84703,11.47089,0,502
170,9.82557,11.37737,0,236
170,10.53973,11.02707,0,122
170,10.53973,11.02707,1,29
170,10.42644,11.37716,0,59
170,10.43294,11.22736,0,134
170,10.38619,11.09875,1,34
170,10.5328,11.34021,0,145
170,10.58705,11.46132,0,185
170,10.47505,11.09879,0,89
170,10.469411,11.04408,0,100
170,10.51955,11.3772,0,23
170,10.3875,10.88958,0,276
170,10.38619,11.09878,0,100
170,10.36537,11.27632,0,117
170,10.36537,11.27632,1,22
170,10.47481,11.27722,0,167
170,10.46955,11.28421,0,92
170,10.4938,11.31125,0,135
170,10.451143,11.276256,1,37
170,10.54337,11.42383,0,85
170,10.54332,11.42382,1,40
170,11.10577,11.24378,0,51
170,11.10476,11.24242,0,131
170,11.10044,11.26297,0,105
170,10.90386,11.27309,0,231
170,10.91255,11.26983,0,106
170,10.95492,11.31252,0,75
170,10.91442,11.27319,0,70
170,11.08864,11.15465,0,140
170,11.15661,11.19046,0,180
170,11.09425,11.3412,0,57
170,11.09375,11.34052,0,112
170,11.09742,11.33962,0,46
170,11.09272,11.33987,0,118
170,11.09252,11.32441,0,75
170,11.09819,11.33044,0,125
170,9.63541,11.33876,0,6
170,9.79612,11.25721,0,38
170,9.62078,11.27175,0,20
170,9.58227,11.10191,0,129
170,9.58305,11.09918,1,17
170,9.5821,11.00816,0,35
170,9.61689,11.06804,0,23
170,9.59301,11.06718,0,90
170,9.619725,11.00703,1,33
170,9.80515,11.27155,0,43
170,9.80598,11.27115,1,4
170,9.72673,11.14638,0,72
170,9.72604,11.14523,0,13
170,9.72608,11.14539,0,14
170,9.73143,11.148624,1,14
170,9.67987,11.29781,0,40
170,9.76243,11.28412,0,12
170,10.208348,11.387481,0,766
170,10.214837,11.393687,0,97
170,10.357253,11.427727,0,59
170,10.437802,11.51916,0,15
170,10.294449,11.497489,0,318
170,10.30415,11.51545,0,171
170,10.305378,11.515611,1,81
170,10.155177,11.557466,0,183
170,10.09594,11.69045,0,279
170,10.272855,11.349237,0,191
170,10.174489,11.473696,0,69
170,10.159666,11.441863,0,537
170,10.15343,11.45885,0,169
170,10.169583,11.499175,0,290
170,10.277361,11.289663,0,681
170,10.279312,11.286563,1,59
170,10.14892,11.388321,0,115
170,10.318097,11.353842,0,194
170,10.92182,8.81919,0,583
170,11.31355,8.91169,0,315
170,11.29887,8.15605,0,484
170,10.92188,8.81818,0,276
170,8.82214,10.91195,0,442
170,11.29812,8.885645,0,601
170,11.25092,8.69705,0,390
170,8.30484,11.05209,0,854
170,8.2409,11.05083,0,562
170,8.11119,10.98567,0,399
170,8.12977,10.97998,0,241
170,8.12977,10.97994,1,208
170,7.84874,10.95557,0,529
170,7.8779,10.97198,0,218
170,7.8532400000000004,10.879865,1,1393
170,7.901244,10.65199,1,318
170,7.879358,10.769021,1,799
170,7.87229,10.97494,0,181
170,7.86129,10.96266,0,123
170,7.920324,10.989619,1,259
170,8.44162,11.11522,0,269
170,8.45229,11.10188,0,458
170,8.45787,11.11005,0,345
170,8.44971,11.10807,0,83
170,7.98948,10.9873,0,566
170,8.02971,10.93965,1,322
170,7.985105,10.995208,1,279
170,7.807,10.58981,0,456
170,7.81349,10.57914,0,440
170,7.85929,10.62751,0,546
170,7.809826,10.582953,1,1396
170,7.733693,10.571515,1,1134
170,7.613475,10.395878,1,528
170,7.94107,10.65165,0,349
170,7.44041,10.65089,1,402
170,7.7202,10.01536,0,44
170,7.72025,10.02196,0,184
170,7.71794,10.01717,1,100
170,7.71532,10.05345,0,80
170,7.71033,10.03788,0,75
170,7.71544,10.05348,1,130
170,7.72146,10.0428,0,160
170,7.72036,10.04322,0,124
170,7.49756,10.3562,0,230
170,7.3534,10.1732,0,60
170,7.4995,10.3582,1,130
170,7.4338,10.127,1,150
170,7.449025,11.306627,0,55
170,7.383658,11.245787,0,74
170,7.83202,11.03633,0,38
170,7.83162,11.03761,0,47
170,7.813527,11.115736,0,124
170,7.27898,11.12887,0,54
170,7.50011,11.36341,0,31
170,7.50908,11.36553,0,224
170,7.49998,11.34915,0,88
170,7.50715,11.36107,0,92
170,8.6291620000000009,10.763219,0,605
170,8.64275,10.775157,0,960
170,8.646216,10.781113,0,1021
170,8.629538,10.764747,0,585
170,8.62346,10.76299,0,62
170,8.64729,10.78856,0,389
170,8.64447,10.78312,0,202
170,8.63356,10.77966,0,201
170,8.76606,10.95098,0,194
170,8.76694,10.95091,0,91
170,8.69012,10.84083,0,38
170,8.24272,10.367178,1,616
170,8.335305,10.440294,0,601
170,8.335305,10.440294,1,283
170,8.242848,10.359483000000001,0,1130
170,8.340739,10.43145,0,1023
170,8.24248,10.359483000000001,1,452
170,8.390319,10.510349,0,1614
170,8.390833,10.523522,0,269
170,8.44887,10.57996,0,119
170,8.49057,10.61263,0,498
170,8.53301,10.13547,0,379
170,8.52951,10.09869,0,318
170,8.182308,9.745739,0,638
170,8.182072,9.748987,1,231
170,8.169719,9.747086,0,508
170,8.169719,9.747086,1,203
170,8.09171,9.78342,0,88
170,8.07742,9.78685,0,95
170,8.316258,9.725477,0,193
170,8.32002,9.692443,0,77
170,8.32601,9.7216920000000009,0,159
170,8.188019,9.732848,0,134
170,8.225587,9.697835,0,77
170,8.229385,9.696998,1,22
170,9.04621,11.2155,1,830
170,9.95798,11.31705,0,875
170,8.90629,11.35356,0,195
170,8.89071,11.35466,0,413
170,8.87666,11.37342,0,170
170,8.87733,11.38007,0,344
170,8.95103,11.3344,0,335
170,8.95634,11.37254,0,245
170,8.92159,11.32481,0,127
170,8.9486,11.32374,0,330
170,8.94985,11.35563,1,175
170,9.03819,11.2769,1,235
170,9.03941,11.27557,0,206
170,8.90579,11.35009,0,235
170,8.90042,11.34545,0,153
170,8.91396,11.37504,0,247
170,8.90222,11.37269,0,102
170,8.94517,11.33262,0,170
170,8.91799,11.34848,0,255
170,8.91798,11.34847,0,198
170,8.88262,11.36414,0,155
170,8.89758,11.36148,0,162
170,8.89024,11.36041,0,175
170,8.88332,11.38674,0,310
170,8.89411,11.38452,0,695
170,9.43774,11.30882,0,29
170,9.37777,11.46418,0,327
170,9.310387,11.187895,0,541
170,9.21908,11.10227,0,262
170,9.131,11.6,1,1892
170,9.3453,11.20933,0,396
170,9.1519,11.145,1,471
170,9.31595,11.12555,0,231
170,7.22982,10.61781,0,172
170,7.235655,10.622867,0,104
170,7.22769,10.62538,0,75
170,7.329694,10.540957,0,247
170,7.34833,10.49938,0,238
170,7.316289,10.570032,0,131
170,7.21568,10.58236,0,78
170,7.1992,10.62108,0,114
170,9.253007,11.6207,0,95
170,9.252754,11.617585,0,80
170,9.24532,11.61832,0,22
170,9.24426,11.618431,0,15
170,9.150568,11.323974,0,11
170,9.155237,11.321285,0,71
170,9.151144,11.323618,1,59
170,9.246522,11.29689,1,120
170,9.096515,11.475201,0,55
170,9.09662,11.47425,0,108
170,9.09768,11.47694,0,95
170,9.234843,11.410639,0,30
170,9.231733,11.415945,0,30
170,9.234009,11.412849,0,26
170,9.23412,11.41362,0,19
170,9.21026,11.2765,0,130
170,9.20816,11.282752,0,103
170,9.210531,11.276241,0,112
170,9.207201,11.271512,0,220
170,9.207612,11.277319,0,129
170,9.228541,11.265859,1,12
170,9.203506,11.279973,1,208
170,9.205879,11.281658,1,261
170,9.193382,11.305505,1,63
170,9.152733,11.179823,1,337
170,9.20284,11.292795,1,195
170,9.1897867,11.2017683,1,417
170,9.237502,11.676723,0,70
170,9.20293,11.29228,0,46
170,9.2411087,11.6783371,0,30
170,9.245093,11.679243,1,212
170,9.237812,11.686271,1,269
170,6.71735,11.25541,0,100
170,6.729193,11.251646,0,458
170,6.71819,11.25614,0,329
170,7.25389,9.94609,0,1128
170,7.2615,9.99198,0,182
170,7.25874,9.97387,0,439
170,7.16493,9.98228,0,212
170,7.182992,10.157546,0,604
170,7.19295,10.05264,0,101
170,7.18596,10.05602,0,230
170,7.186117,10.069143,0,59
170,7.2013306,10.0607485,1,108
170,7.21728,10.020745,0,210
170,7.19921,10.048991,0,103
170,7.2062108,10.0360202,1,116
170,7.185284,10.05937,0,187
170,7.88051,9.77145,0,270
170,7.88837,9.77256,0,545
170,8.10506,10.07341,0,205
170,8.13225,10.11375,0,450
170,8.17756,10.15674,0,144
170,8.12538,10.11683,0,160
170,7.8676,9.77809,0,1210
170,7.8659,9.77838,0,4900
170,7.86914,9.7755,0,2034
170,7.88591,9.76695,1,300
170,7.87692,9.77931,1,200
170,7.88961,9.78821,1,260
170,7.86051,9.77552,0,210
170,7.85745,9.9795,0,230
170,7.86423,9.77853,0,660
170,7.89706,9.48543,0,175
170,7.91305,9.6009,0,110
170,8.02931,9.4251,0,185
170,7.87502,9.79022,0,545
170,7.89789,9.79683,0,375
170,7.8532400000000004,8.65234,1,300
170,7.87773,10.020137,0,570
170,9.00182,11.5753,0,32
170,9.03378,11.60334,0,231
170,9.05827,11.57463,0,44
170,9.03152,11.60385,0,53
170,9.03889,11.60328,0,20
170,9.00548,11.64528,0,75
170,8.98348,11.82047,0,40
170,8.99077,11.7594,0,39
170,8.98762,11.75671,0,315
170,8.9963,11.74841,0,82
170,8.98354,11.74122,0,130
170,8.99742,11.74468,0,29
170,8.99702,11.75096,0,61
170,8.99483,11.7477,0,68
170,8.99419,11.7455,0,68
170,8.99649,11.74265,0,64
170,12.8463,10.76098,0,433
170,12.84459,10.76196,0,512
170,12.699419,11.101292,0,185
170,12.86636,11.03306,0,1113
170,12.86341,11.0366,0,715
170,12.88077,11.03134,0,1505
170,12.87211,11.03252,0,881
170,12.88994,11.03299,0,1858
170,12.88942,11.04278,0,2379
170,12.88179,11.04068,0,1129
170,12.87679,11.04181,0,1977
170,12.88107,11.05028,0,3172
170,12.87982,11.04732,0,375
170,12.88238,11.04039,0,1177
170,12.86701,11.04286,0,517
170,12.84303,10.87739,0,134
170,12.87445,10.86285,0,60
170,12.84071,10.90928,0,1689
170,12.85416,10.95612,0,270
170,12.88259,11.03097,0,3598
170,12.87863,11.03681,0,2595
170,12.87821,11.0505,0,1759
170,12.76775,11.51137,0,101
170,12.76731,11.50531,0,148
170,12.76956,11.50971,0,182
170,12.76931,11.51027,0,118
170,12.76758,11.50887,0,326
170,12.49626,11.49746,0,242
170,12.49782,11.50642,0,465
170,12.49632,11.49743,0,436
170,12.49921,11.50512,0,368
170,12.49237,11.49531,0,154
170,12.81617,11.055542,0,173
170,12.81673,11.05393,0,141
170,12.81746,11.05487,0,215
170,12.81371,11.04101,0,145
170,12.82015,11.05681,0,173
170,12.79465,11.39431,0,91
170,12.79458,11.39343,0,137
170,12.79426,11.39318,0,230
170,12.81805,11.58632,0,294
170,12.81824,11.58753,0,259
170,12.81903,11.58821,0,213
170,12.81703,11.58552,0,146
170,12.84321,11.52423,0,197
170,12.84227,11.52314,0,138
170,12.84132,11.52357,0,147
170,12.84615,11.52331,0,164
170,11.74774,11.95832,0,426
170,11.74645,11.95528,0,372
170,11.75495,11.95778,0,570
170,11.79215,12.14163,0,150
170,11.72998,11.98092,0,228
170,11.70929,11.95248,0,210
170,11.70743,11.94323,0,675
170,11.69237,11.94461,0,420
170,11.68608,12.04774,0,186
170,11.73333,12.01289,0,474
170,11.63907,12.05818,0,420
170,11.71258,12.03878,1,155
170,11.63922,12.05896,1,2760
170,12.15667,11.77258,1,336
170,11.68494,12.04841,1,765
170,11.66325,11.93567,0,2232
170,11.9374,11.85637,0,408
170,11.93924,11.75474,0,612
170,11.93241,11.85844,0,726
170,11.75935,12.23241,0,510
170,11.75761,12.23176,1,432
170,11.74533,12.18555,0,7866
170,11.72166,12.12622,0,258
170,11.7387,12.01221,0,805
170,11.72412,12.12533,0,590
170,11.71751,12.12621,0,640
170,11.75865,12.00268,0,306
170,11.73006,12.07347,1,1050
170,11.72656,12.03608,0,294
170,11.72652,12.03586,0,858
170,11.7298,11.91611,0,450
170,11.70308,11.83899,0,318
170,11.7273,11.91341,0,225
170,11.7431,11.93943,0,978
170,11.74153,11.94976,0,168
170,11.74278,11.94858,0,976
170,11.74516,11.95749,0,930
170,11.75789,11.96639,0,882
170,11.74715,11.96828,0,410
170,11.75271,11.96708,0,624
170,11.28103,11.31019,0,225
170,11.24487,11.33144,0,236
170,11.28176,11.30598,0,283
170,11.285,11.3057,0,306
170,11.29147,11.3062,0,200
170,11.28592,11.22201,0,248
170,11.29021,11.23062,0,190
170,11.284,11.22215,0,150
170,11.28576,11.22026,0,278
170,11.31287,10.98436,0,198
170,11.31452,11.2303,0,208
170,11.29044,11.11658,0,190
170,11.10581,11.37048,0,347
170,11.10532,11.37922,0,281
170,11.10076,11.37584,0,280
170,11.6794,11.34025,0,528
170,11.67955,11.33309,0,473
170,11.675555,11.336746,0,581
170,11.67721,11.33644,0,218
170,11.683552,11.34067,0,308
170,11.67024,11.41683,0,391
170,11.67078,11.41412,0,215
170,11.6643,11.41826,0,192
170,11.66594,11.41976,0,318
170,11.688123,11.613321,0,121
170,11.67941,11.6213,0,66
170,11.694121,11.69829,0,93
170,11.68811,11.623318,0,285
170,11.68731,11.62007,0,150
170,11.66466,11.27036,0,97
170,11.66754,11.27217,0,48
170,11.98366,11.44391,0,96
170,11.97658,11.44113,0,46
170,11.98236,11.43681,0,65
170,11.9824,11.44085,0,75
170,11.52789,11.45689,0,64
170,11.88441,11.28305,0,48
170,11.88137,11.28553,0,35
170,11.88109,11.28563,0,32
170,11.82855,11.60856,0,44
170,12.909561,11.920752,0,1144
170,12.913253,11.935908,0,442
170,12.900999,11.927242,0,403
170,12.901531,11.922925,0,448
170,12.900476,11.936283,0,494
170,12.890799,11.928946,1,12221
170,12.882227,11.932188,1,13923
170,12.87626,11.92833,0,1581
170,12.87626,11.92833,1,13533
170,12.889749,11.925685,1,11609
170,12.83494,11.69123,0,130
170,12.82751,11.72023,0,133
170,12.83478,11.84489,0,240
170,12.83284,11.69083,0,100
170,12.836,11.75135,0,110
170,12.83713,11.751174,0,135
170,12.89391,11.92637,0,767
170,12.88222,11.93218,0,1444
170,12.884693,11.91623,0,182
170,12.8935,11.92481,0,1014
170,12.890797,11.928943,1,15314
170,12.882225,11.932189,1,23205
170,12.876259,11.92833,1,21814
170,12.889748,11.925682,1,16783
170,12.88918,11.936236,0,754
170,12.89531,11.92041,0,1158
170,12.896677,11.926898,0,319
170,12.89533,11.92624,0,403
170,12.89727,11.93037,1,12142
170,12.895119,11.926604,1,16189
170,12.894177000000001,11.920969,1,14599
170,12.898049,11.933956,1,17173
170,12.890243,11.934433,0,923
170,12.76302,11.84669,0,142
170,12.76263,11.84766,0,142
170,12.76212,11.84747,0,140
170,12.76145,11.84668,0,122
170,12.86793,11.89856,0,180
170,12.86803,11.89971,0,130
170,12.86763,11.89749,0,150
170,12.86724,11.89987,0,120
170,12.86009,11.90056,0,500
170,11.208139,12.029898,0,1715
170,11.20437,12.02839,0,1659
170,11.200563,12.031609,0,1365
170,11.200629,12.031651,1,2303
170,11.204774,12.027102,1,1834
170,11.207102,12.029071,1,2565
170,11.215857,12.023658,0,518
170,11.196059,12.018359,0,539
170,11.273613,12.01117,0,5355
170,11.2842,12.00308,0,8057
170,11.28339,12.013578,0,7735
170,11.27996,12.00159,1,13419
170,11.257724,12.012032,1,6468
170,11.283411,12.013553,1,18914
170,11.511252,12.001788,0,815
170,11.518802,11.973312,0,1715
170,11.50081,11.93639,0,2184
170,11.49927,11.93159,0,1456
170,11.56296,11.91726,0,3787
170,11.607968,11.919208,0,1806
170,11.497392,11.930114,1,2618
170,11.610832,11.922323,1,1834
170,11.56427,11.913996,1,6321
170,11.503792,11.935241,1,3878
170,11.500773,11.932308,0,777
170,11.503048,11.93347,0,672
170,11.566466,11.916946,0,427
170,11.51269,12.00225,0,815
170,11.519702,11.97476,0,1715
170,11.44398,11.953333,0,590
170,11.26571,11.72135,0,1393
170,11.266315,11.719995,0,2310
170,11.265067,11.722107,1,1603
170,11.264771,11.721442,1,1743
170,11.353812,11.809535,0,1232
170,11.348646,11.806919,0,2191
170,11.351322,11.810276,1,2744
170,11.346342,11.807267,1,2376
170,10.93369,11.68343,1,2632
170,10.93694,11.68171,1,3000
170,10.93714,11.68243,1,2812
170,10.93684,11.68287,1,2565
170,10.93512,11.68258,1,2595
170,10.81015,11.72552,0,111
170,10.81232,11.72884,0,97
170,10.81219,11.7283,0,65
170,10.80776,11.72908,0,78
170,10.80964,11.73383,0,65
170,10.8102,11.73469,1,2520
170,10.80107,11.72567,1,2565
170,10.81192,11.72818,1,2685
170,10.81229,11.72679,1,2940
170,10.8087,11.72858,1,2595
170,11.07248,11.80352,0,91
170,11.0719,11.80557,0,65
170,11.06694,11.80692,0,123
170,11.071443,11.80488,0,130
170,11.07255,11.80005,0,78
170,11.10358,11.90138,0,163
170,11.07148,11.80567,1,2805
170,11.06795,11.80843,1,2475
170,11.10438,11.89913,1,5850
170,11.07077,11.80304,1,2970
170,11.07062,11.79924,1,2617
170,11.07285,11.80066,1,2745
170,11.03814,11.73315,0,162
170,11.03507,11.73294,0,78
170,11.0385,11.72813,0,130
170,11.03117,11.73535,0,123
170,11.03581,11.73968,0,143
170,11.03596,11.73049,1,2925
170,11.03866,11.72968,1,3480
170,11.03016,11.73354,1,2865
170,11.03427,11.72935,1,2640
170,11.03756,11.73353,1,3225
170,10.7249,11.68998,0,91
170,10.72434,11.68849,0,90
170,10.72757,11.68889,0,65
170,10.72803,11.68951,1,2662
170,10.72652,11.68977,1,2430
170,10.72719,11.68996,1,2550
170,10.72501,11.68999,1,2625
170,10.72421,11.68874,1,2715
170,10.95646,11.60531,0,130
170,10.95639,11.61091,0,111
170,10.95694,11.6055,0,123
170,10.95725,11.61114,1,3247
170,10.81227,11.72678,1,2947
170,10.95519,11.60571,1,2640
170,12.27028,10.84881,0,70
170,12.1997,10.88009,0,72
170,12.20239,10.87932,0,201
170,12.58605,10.89257,0,123
170,12.58481,10.73697,0,163
170,12.58626,10.78352,0,90
170,12.4288,10.84266,0,71
170,12.46938,10.87422,0,73
170,12.56284,10.92704,0,252
170,12.37277,10.77633,0,379
170,12.36658,10.77161,0,199
170,12.36951,10.77384,0,139
170,12.74028,10.92239,0,81
170,12.73192,10.91669,0,70
170,12.72748,10.90869,0,86
170,12.72388,10.85105,0,164
170,12.74893,10.78257,0,299
170,12.69617,10.83343,0,377
170,12.894638,10.90948,0,35
170,12.8942,10.90901,0,98
170,12.89393,10.90833,0,182
170,12.89091,10.70115,0,33
170,12.8849,10.69912,0,20
170,12.88888,10.70076,0,25
170,12.874724,10.874724,0,136
170,12.87806,10.99329,0,76
170,12.89543,10.80759,0,195
170,12.89681,10.80821,0,175
170,12.89993,10.80835,0,130
170,12.89911,10.8052,0,272
170,12.8997,10.80744,0,208
170,12.913556,10.59632,0,190
170,12.91341,10.57134,0,94
170,12.9145,10.59758,0,160
170,12.824629,10.527727,0,159
170,12.82473,10.53036,0,35
170,12.822343,10.529041,0,100
170,12.91757,9.90204,0,90
170,12.91715,9.90284,0,63
170,12.89949,9.76514,0,103
170,12.89927,9.76328,0,133
170,12.89872,9.76763,0,97
170,13.06575,9.93258,0,144
170,13.06721,9.93241,0,185
170,13.0496,10.16309,0,94
170,13.04856,10.1641,0,144
170,13.04805,10.16592,0,175
170,13.13623,10.04696,0,148
170,13.14033,10.04969,0,108
170,13.13451,10.04786,0,142
170,13.13844,10.04749,0,55
170,13.00766,9.99795,0,69
170,13.00738,9.99616,0,62
170,12.84255,9.81835,0,72
170,12.84356,9.81935,0,88
170,11.97617,10.95227,0,273
170,11.98031,10.95109,0,265
170,11.643557,10.98872,0,149
170,11.643747,10.987022,0,148
170,11.600097,11.018733,0,202
170,11.59889,11.01931,0,136
170,11.863707,11.073567,0,228
170,11.846225,11.073637,0,251
170,11.80429,11.0759,0,127
170,11.80572,10.992193,0,142
170,11.80482,10.995156,0,148
170,12.89642,10.45563,0,218
170,12.87178,10.46401,0,401
170,12.87093,10.45711,0,23
170,12.87196,10.45841,0,189
170,13.02957,10.41974,0,57
170,13.03007,10.41719,0,33
170,12.86124,10.5559,0,24
170,12.87986,10.43359,0,385
170,12.88442,10.43202,0,504
170,12.88866,10.43245,0,388
170,12.87347,10.41962,0,252
170,12.87312,10.42222,0,122
170,12.86043,10.4328,0,145
170,12.85773,10.42555,0,50
170,12.85927,10.43138,0,110
170,12.88551,10.44024,0,555
170,12.86617,10.42319,0,284
170,12.87932,10.44277,0,193
170,12.87847,10.44826,0,199
170,12.87509,10.45394,0,101
170,12.87709,10.45132,0,195
170,12.8789,10.45839,0,143
170,12.87896,10.46062,0,155
170,12.87741,10.45749,0,158
170,12.87898,10.45977,0,141
170,12.8795,10.45664,0,144
170,12.88387,10.34446,0,44
170,12.88724,10.45319,0,212
170,12.88561,10.4631,0,165
170,12.88243,10.45424,0,343
170,12.8861,10.4617,0,485
170,11.72211,11.04815,0,148
170,11.69655,11.05216,0,253
170,11.69408,11.05067,0,283
170,11.71914,11.04985,0,155
170,11.70952,11.06529,0,120
170,11.70945,11.07231,0,196
170,11.70932,11.06073,0,249
170,11.70542,11.07043,0,74
170,11.7058,11.07892,0,162
170,11.70033,11.08523,0,100
170,11.70126,11.09607,0,123
170,11.72305,11.07984,0,437
170,11.71815,11.07797,0,255
170,11.71542,11.09794,0,367
170,11.72821,11.08549,0,291
170,11.73305,11.08153,0,42
170,11.72234,11.08429,0,520
170,11.71882,11.08266,0,175
170,11.72423,11.09126,0,427
170,11.71826,11.07468,0,131
170,11.71671,11.07263,0,152
170,11.71401,11.07347,0,35
170,11.72037,11.06755,0,77
170,11.72391,11.06389,0,220
170,11.72341,11.06403,0,55
170,11.71237,11.06322,0,72
170,11.72362,11.06308,0,207
170,11.68401,11.19608,0,51
170,11.67062,11.23463,0,48
170,11.68913,11.18516,0,45
170,11.68161,11.07654,0,154
170,11.69035,11.07498,0,305
170,11.69116,11.07558,0,164
170,11.69896,11.10361,0,171
170,11.69342,11.07683,0,492
170,11.72578,11.10348,0,213
170,11.69513,11.11285,0,491
170,11.71661,11.10549,0,127
170,11.73154,11.09891,0,126
170,11.7272,11.10464,0,218
170,11.69886,11.09679,0,564
170,11.73299,11.08055,0,246
170,12.14745,11.77257,0,344
170,12.15921,11.77119,0,382
170,12.15821,11.77445,0,489
170,12.14857,11.77027,0,509
170,12.15344,11.77525,0,589
170,12.1561,11.76954,0,329
170,12.15042,11.77391,0,256
170,12.15776,11.774106,0,159
170,12.285778,11.89041,0,16
170,12.298682,11.913878,1,634
170,12.06951,11.80721,0,41
170,12.47443,11.5437,0,146
170,12.47343,11.54487,0,129
170,12.47147,11.54176,0,58
170,12.16431,11.4698,0,22
170,12.16275,11.47164,0,46
170,12.165,11.47231,0,30
170,11.69264,11.05977,0,152
170,12.14854,11.6845,0,41
170,12.14837,11.68639,0,33
170,12.14734,11.68493,0,68
170,12.98768,11.96872,0,188
170,12.98762,11.96861,1,586
170,12.98929,11.96989,1,400
170,12.98704,11.96704,0,93
170,13.11474,11.60118,0,94
170,13.06382,11.46503,0,78
170,13.06602,11.46558,0,105
170,13.0995,12.11005,0,105
170,13.09833,12.1073,0,187
170,13.09947,12.10994,1,989
170,13.09897,12.10812,1,541
170,13.09769,12.10771,1,1035
170,13.10149,12.10953,1,835
170,12.91774,11.88449,0,114
170,12.91826,11.88562,0,75
170,12.91626,11.88532,0,112
170,12.91646,11.88561,1,377
170,12.91726,11.8853,1,541
170,12.94853,11.84305,1,1420
170,12.92002,11.88297,1,344
170,13.14742,11.54256,0,148
170,13.15124,11.53956,0,188
170,13.15286,11.53765,0,103
170,13.14875,11.53886,0,150
170,13.07362,11.6737,0,130
170,13.0919,11.77718,0,227
170,12.97591,11.81778,1,1134
170,12.97564,11.81551,1,650
170,12.95615,11.85046,1,292
170,12.95834,11.85266,1,527
170,12.97776,11.11079,0,281
170,13.06801,11.17799,0,152
170,13.074695,11.173034,0,179
170,13.34822,11.23068,0,134
170,13.05744,11.169836,1,168
170,13.062903,11.171463,1,332
170,13.035524,11.270348,0,42
170,12.97902,11.35301,0,194
170,13.04377,11.31842,0,99
170,13.04336,11.31724,1,220
170,13.03849,10.94377,0,132
170,13.37092,11.00891,0,142
170,13.15349,10.63332,0,50
170,13.15521,10.63688,0,57
170,13.1229,10.61137,1,700
170,13.155149,10.634017,1,700
170,13.06383,11.05323,0,115
170,13.06869,11.05774,0,54
170,13.06482,11.17589,0,166
170,13.06267,11.17547,0,148
170,13.06557,11.17734,0,103
170,13.063624,11.173699,1,403
170,13.07251,11.17168,0,171
